Record Length,2.500000e+03,,   0.000000000000,  -0.51200,
Sample Interval,4.000000e-03,,   0.004000000000,  -0.51200,
Trigger Point,0.000000000000e+00,,   0.008000000000,  -0.51200,
,,,   0.012000000000,  -0.51200,
,,,   0.016000000000,  -0.51200,
,,,   0.020000000000,  -0.51200,
Source,CH1,,   0.024000000000,  -0.51200,
Vertical Units,V,,   0.028000000000,  -0.51200,
Vertical Scale,1.000000e-01,,   0.032000000000,  -0.51200,
Vertical Offset,0.000000e+00,,   0.036000000000,  -0.51200,
Horizontal Units,s,,   0.040000000000,  -0.51200,
Horizontal Scale,1.000000e+00,,   0.044000000000,  -0.51200,
Pt Fmt,Y,,   0.048000000000,  -0.51200,
Yzero,0.000000e+00,,   0.052000000000,  -0.51200,
Probe Atten,1.000000e+00,,   0.056000000000,  -0.51200,
Model Number,TDS1012C-EDU,,   0.060000000000,  -0.51200,
Serial Number,C011258,,   0.064000000000,  -0.51200,
Firmware Version,FV:v25.04,,   0.068000000000,  -0.51200,
,,,0.072000000000,  -0.51200,
,,,0.076000000000,  -0.51200,
,,,0.080000000000,  -0.51200,
,,,0.084000000000,  -0.51200,
,,,0.088000000000,  -0.51200,
,,,0.092000000000,  -0.51200,
,,,0.096000000000,  -0.51200,
,,,0.100000000000,  -0.51200,
,,,0.104000000000,  -0.51200,
,,,0.108000000000,  -0.51200,
,,,0.112000000000,  -0.51200,
,,,0.116000000000,  -0.51200,
,,,0.120000000000,  -0.51200,
,,,0.124000000000,  -0.51200,
,,,0.128000000000,  -0.51200,
,,,0.132000000000,  -0.51200,
,,,0.136000000000,  -0.51200,
,,,0.140000000000,  -0.51200,
,,,0.144000000000,  -0.51200,
,,,0.148000000000,  -0.51200,
,,,0.152000000000,  -0.51200,
,,,0.156000000000,  -0.51200,
,,,0.160000000000,  -0.51200,
,,,0.164000000000,  -0.51200,
,,,0.168000000000,  -0.51200,
,,,0.172000000000,  -0.51200,
,,,0.176000000000,  -0.51200,
,,,0.180000000000,  -0.51200,
,,,0.184000000000,  -0.51200,
,,,0.188000000000,  -0.51200,
,,,0.192000000000,  -0.51200,
,,,0.196000000000,  -0.51200,
,,,0.200000000000,  -0.51200,
,,,0.204000000000,  -0.51200,
,,,0.208000000000,  -0.51200,
,,,0.212000000000,  -0.51200,
,,,0.216000000000,  -0.51200,
,,,0.220000000000,  -0.51200,
,,,0.224000000000,  -0.51200,
,,,0.228000000000,  -0.51200,
,,,0.232000000000,  -0.51200,
,,,0.236000000000,  -0.51200,
,,,0.240000000000,  -0.51200,
,,,0.244000000000,  -0.51200,
,,,0.248000000000,  -0.51200,
,,,0.252000000000,  -0.51200,
,,,0.256000000000,  -0.51200,
,,,0.260000000000,  -0.51200,
,,,0.264000000000,  -0.51200,
,,,0.268000000000,  -0.51200,
,,,0.272000000000,  -0.51200,
,,,0.276000000000,  -0.51200,
,,,0.280000000000,  -0.51200,
,,,0.284000000000,  -0.51200,
,,,0.288000000000,  -0.51200,
,,,0.292000000000,  -0.02000,
,,,0.296000000000,  -0.01200,
,,,0.300000000000,  -0.01600,
,,,0.304000000000,  -0.01200,
,,,0.308000000000,  -0.00800,
,,,0.312000000000,  -0.01200,
,,,0.316000000000,  -0.01200,
,,,0.320000000000,  -0.01600,
,,,0.324000000000,  -0.02000,
,,,0.328000000000,  -0.02000,
,,,0.332000000000,  -0.02000,
,,,0.336000000000,  -0.02000,
,,,0.340000000000,  -0.01600,
,,,0.344000000000,  -0.01600,
,,,0.348000000000,  -0.01600,
,,,0.352000000000,  -0.01600,
,,,0.356000000000,  -0.01600,
,,,0.360000000000,  -0.01600,
,,,0.364000000000,  -0.01200,
,,,0.368000000000,  -0.01200,
,,,0.372000000000,  -0.01200,
,,,0.376000000000,  -0.01200,
,,,0.380000000000,  -0.01600,
,,,0.384000000000,  -0.01600,
,,,0.388000000000,  -0.00800,
,,,0.392000000000,  -0.01200,
,,,0.396000000000,  -0.01200,
,,,0.400000000000,  -0.00800,
,,,0.404000000000,  -0.00800,
,,,0.408000000000,  -0.00800,
,,,0.412000000000,  -0.00800,
,,,0.416000000000,  -0.00800,
,,,0.420000000000,  -0.01200,
,,,0.424000000000,  -0.00800,
,,,0.428000000000,  -0.00400,
,,,0.432000000000,  -0.00400,
,,,0.436000000000,   0.00000,
,,,0.440000000000,   0.00400,
,,,0.444000000000,   0.00800,
,,,0.448000000000,   0.00800,
,,,0.452000000000,   0.00800,
,,,0.456000000000,   0.00800,
,,,0.460000000000,   0.00400,
,,,0.464000000000,   0.00400,
,,,0.468000000000,   0.00000,
,,,0.472000000000,  -0.00400,
,,,0.476000000000,  -0.00400,
,,,0.480000000000,  -0.00800,
,,,0.484000000000,  -0.00800,
,,,0.488000000000,  -0.00800,
,,,0.492000000000,  -0.00800,
,,,0.496000000000,  -0.01200,
,,,0.500000000000,  -0.00800,
,,,0.504000000000,  -0.00800,
,,,0.508000000000,  -0.00800,
,,,0.512000000000,  -0.00800,
,,,0.516000000000,  -0.01200,
,,,0.520000000000,  -0.00800,
,,,0.524000000000,  -0.00400,
,,,0.528000000000,  -0.00800,
,,,0.532000000000,  -0.01200,
,,,0.536000000000,  -0.01200,
,,,0.540000000000,  -0.01200,
,,,0.544000000000,  -0.01600,
,,,0.548000000000,  -0.01600,
,,,0.552000000000,  -0.01600,
,,,0.556000000000,  -0.00400,
,,,0.560000000000,   0.01200,
,,,0.564000000000,   0.04000,
,,,0.568000000000,   0.07200,
,,,0.572000000000,   0.10800,
,,,0.576000000000,   0.14000,
,,,0.580000000000,   0.16800,
,,,0.584000000000,   0.18000,
,,,0.588000000000,   0.17200,
,,,0.592000000000,   0.15200,
,,,0.596000000000,   0.12800,
,,,0.600000000000,   0.10400,
,,,0.604000000000,   0.08000,
,,,0.608000000000,   0.06000,
,,,0.612000000000,   0.04000,
,,,0.616000000000,   0.02800,
,,,0.620000000000,   0.01200,
,,,0.624000000000,   0.00800,
,,,0.628000000000,   0.00000,
,,,0.632000000000,   0.00000,
,,,0.636000000000,  -0.00400,
,,,0.640000000000,  -0.00800,
,,,0.644000000000,  -0.01200,
,,,0.648000000000,  -0.00800,
,,,0.652000000000,  -0.01200,
,,,0.656000000000,  -0.01200,
,,,0.660000000000,  -0.01200,
,,,0.664000000000,  -0.01200,
,,,0.668000000000,  -0.01600,
,,,0.672000000000,  -0.01200,
,,,0.676000000000,  -0.01200,
,,,0.680000000000,  -0.00800,
,,,0.684000000000,  -0.00800,
,,,0.688000000000,  -0.00400,
,,,0.692000000000,  -0.00400,
,,,0.696000000000,  -0.00400,
,,,0.700000000000,   0.00000,
,,,0.704000000000,   0.00400,
,,,0.708000000000,   0.00800,
,,,0.712000000000,   0.00000,
,,,0.716000000000,   0.00400,
,,,0.720000000000,   0.00400,
,,,0.724000000000,   0.00800,
,,,0.728000000000,   0.00800,
,,,0.732000000000,   0.00800,
,,,0.736000000000,   0.01200,
,,,0.740000000000,   0.01200,
,,,0.744000000000,   0.01600,
,,,0.748000000000,   0.01600,
,,,0.752000000000,   0.02000,
,,,0.756000000000,   0.02000,
,,,0.760000000000,   0.02800,
,,,0.764000000000,   0.02800,
,,,0.768000000000,   0.03200,
,,,0.772000000000,   0.03600,
,,,0.776000000000,   0.03600,
,,,0.780000000000,   0.04400,
,,,0.784000000000,   0.04800,
,,,0.788000000000,   0.04800,
,,,0.792000000000,   0.04800,
,,,0.796000000000,   0.04800,
,,,0.800000000000,   0.05200,
,,,0.804000000000,   0.04800,
,,,0.808000000000,   0.05600,
,,,0.812000000000,   0.05600,
,,,0.816000000000,   0.05600,
,,,0.820000000000,   0.05600,
,,,0.824000000000,   0.05200,
,,,0.828000000000,   0.04800,
,,,0.832000000000,   0.04400,
,,,0.836000000000,   0.04000,
,,,0.840000000000,   0.03600,
,,,0.844000000000,   0.03200,
,,,0.848000000000,   0.02400,
,,,0.852000000000,   0.01600,
,,,0.856000000000,   0.00400,
,,,0.860000000000,   0.00400,
,,,0.864000000000,  -0.00400,
,,,0.868000000000,  -0.00800,
,,,0.872000000000,  -0.01200,
,,,0.876000000000,  -0.01600,
,,,0.880000000000,  -0.02000,
,,,0.884000000000,  -0.02400,
,,,0.888000000000,  -0.02400,
,,,0.892000000000,  -0.02400,
,,,0.896000000000,  -0.02800,
,,,0.900000000000,  -0.02400,
,,,0.904000000000,  -0.02400,
,,,0.908000000000,  -0.02800,
,,,0.912000000000,  -0.02400,
,,,0.916000000000,  -0.02800,
,,,0.920000000000,  -0.03200,
,,,0.924000000000,  -0.03200,
,,,0.928000000000,  -0.03200,
,,,0.932000000000,  -0.03200,
,,,0.936000000000,  -0.03200,
,,,0.940000000000,  -0.03200,
,,,0.944000000000,  -0.02800,
,,,0.948000000000,  -0.02400,
,,,0.952000000000,  -0.02400,
,,,0.956000000000,  -0.02800,
,,,0.960000000000,  -0.02800,
,,,0.964000000000,  -0.02400,
,,,0.968000000000,  -0.02800,
,,,0.972000000000,  -0.02800,
,,,0.976000000000,  -0.02800,
,,,0.980000000000,  -0.02800,
,,,0.984000000000,  -0.03200,
,,,0.988000000000,  -0.02800,
,,,0.992000000000,  -0.02800,
,,,0.996000000000,  -0.02400,
,,,1.000000000000,  -0.02400,
,,,1.004000000000,  -0.02400,
,,,1.008000000000,  -0.02400,
,,,1.012000000000,  -0.02400,
,,,1.016000000000,  -0.02400,
,,,1.020000000000,  -0.02400,
,,,1.024000000000,  -0.02400,
,,,1.028000000000,  -0.02400,
,,,1.032000000000,  -0.03200,
,,,1.036000000000,  -0.02800,
,,,1.040000000000,  -0.02400,
,,,1.044000000000,  -0.02400,
,,,1.048000000000,  -0.02400,
,,,1.052000000000,  -0.02400,
,,,1.056000000000,  -0.02400,
,,,1.060000000000,  -0.02400,
,,,1.064000000000,  -0.02400,
,,,1.068000000000,  -0.02800,
,,,1.072000000000,  -0.03200,
,,,1.076000000000,  -0.03600,
,,,1.080000000000,  -0.03200,
,,,1.084000000000,  -0.02800,
,,,1.088000000000,  -0.02800,
,,,1.092000000000,  -0.02800,
,,,1.096000000000,  -0.03200,
,,,1.100000000000,  -0.02400,
,,,1.104000000000,  -0.02800,
,,,1.108000000000,  -0.02800,
,,,1.112000000000,  -0.02800,
,,,1.116000000000,  -0.02800,
,,,1.120000000000,  -0.02800,
,,,1.124000000000,  -0.02800,
,,,1.128000000000,  -0.02400,
,,,1.132000000000,  -0.02400,
,,,1.136000000000,  -0.02400,
,,,1.140000000000,  -0.02400,
,,,1.144000000000,  -0.02400,
,,,1.148000000000,  -0.02800,
,,,1.152000000000,  -0.02800,
,,,1.156000000000,  -0.03200,
,,,1.160000000000,  -0.02800,
,,,1.164000000000,  -0.02400,
,,,1.168000000000,  -0.02400,
,,,1.172000000000,  -0.02400,
,,,1.176000000000,  -0.02400,
,,,1.180000000000,  -0.02800,
,,,1.184000000000,  -0.02400,
,,,1.188000000000,  -0.03200,
,,,1.192000000000,  -0.03200,
,,,1.196000000000,  -0.03200,
,,,1.200000000000,  -0.02800,
,,,1.204000000000,  -0.02400,
,,,1.208000000000,  -0.02400,
,,,1.212000000000,  -0.02400,
,,,1.216000000000,  -0.02400,
,,,1.220000000000,  -0.02000,
,,,1.224000000000,  -0.02400,
,,,1.228000000000,  -0.02000,
,,,1.232000000000,  -0.02400,
,,,1.236000000000,  -0.02400,
,,,1.240000000000,  -0.02000,
,,,1.244000000000,  -0.01600,
,,,1.248000000000,  -0.01600,
,,,1.252000000000,  -0.01600,
,,,1.256000000000,  -0.01600,
,,,1.260000000000,  -0.01200,
,,,1.264000000000,  -0.01200,
,,,1.268000000000,  -0.00800,
,,,1.272000000000,  -0.00800,
,,,1.276000000000,  -0.00800,
,,,1.280000000000,  -0.00400,
,,,1.284000000000,  -0.01200,
,,,1.288000000000,  -0.01200,
,,,1.292000000000,  -0.01600,
,,,1.296000000000,  -0.01600,
,,,1.300000000000,  -0.01600,
,,,1.304000000000,  -0.01600,
,,,1.308000000000,  -0.02000,
,,,1.312000000000,  -0.02000,
,,,1.316000000000,  -0.02400,
,,,1.320000000000,  -0.02400,
,,,1.324000000000,  -0.02400,
,,,1.328000000000,  -0.02400,
,,,1.332000000000,  -0.02400,
,,,1.336000000000,  -0.02800,
,,,1.340000000000,  -0.02800,
,,,1.344000000000,  -0.02800,
,,,1.348000000000,  -0.02800,
,,,1.352000000000,  -0.02800,
,,,1.356000000000,  -0.02800,
,,,1.360000000000,  -0.02800,
,,,1.364000000000,  -0.02400,
,,,1.368000000000,  -0.02000,
,,,1.372000000000,  -0.00400,
,,,1.376000000000,   0.02000,
,,,1.380000000000,   0.04800,
,,,1.384000000000,   0.08400,
,,,1.388000000000,   0.11600,
,,,1.392000000000,   0.14400,
,,,1.396000000000,   0.16000,
,,,1.400000000000,   0.16000,
,,,1.404000000000,   0.14800,
,,,1.408000000000,   0.12400,
,,,1.412000000000,   0.10000,
,,,1.416000000000,   0.07200,
,,,1.420000000000,   0.04800,
,,,1.424000000000,   0.03200,
,,,1.428000000000,   0.01600,
,,,1.432000000000,   0.00400,
,,,1.436000000000,  -0.00800,
,,,1.440000000000,  -0.01600,
,,,1.444000000000,  -0.02000,
,,,1.448000000000,  -0.02800,
,,,1.452000000000,  -0.02800,
,,,1.456000000000,  -0.03200,
,,,1.460000000000,  -0.03200,
,,,1.464000000000,  -0.03200,
,,,1.468000000000,  -0.02800,
,,,1.472000000000,  -0.03200,
,,,1.476000000000,  -0.03600,
,,,1.480000000000,  -0.03600,
,,,1.484000000000,  -0.03600,
,,,1.488000000000,  -0.03200,
,,,1.492000000000,  -0.03600,
,,,1.496000000000,  -0.03200,
,,,1.500000000000,  -0.03200,
,,,1.504000000000,  -0.03200,
,,,1.508000000000,  -0.02800,
,,,1.512000000000,  -0.02400,
,,,1.516000000000,  -0.02400,
,,,1.520000000000,  -0.02400,
,,,1.524000000000,  -0.02000,
,,,1.528000000000,  -0.02000,
,,,1.532000000000,  -0.01600,
,,,1.536000000000,  -0.01600,
,,,1.540000000000,  -0.01600,
,,,1.544000000000,  -0.01200,
,,,1.548000000000,  -0.00400,
,,,1.552000000000,  -0.00400,
,,,1.556000000000,   0.00000,
,,,1.560000000000,   0.00400,
,,,1.564000000000,   0.00800,
,,,1.568000000000,   0.00800,
,,,1.572000000000,   0.01200,
,,,1.576000000000,   0.01200,
,,,1.580000000000,   0.01600,
,,,1.584000000000,   0.01600,
,,,1.588000000000,   0.02800,
,,,1.592000000000,   0.02800,
,,,1.596000000000,   0.03200,
,,,1.600000000000,   0.03600,
,,,1.604000000000,   0.04400,
,,,1.608000000000,   0.04800,
,,,1.612000000000,   0.04800,
,,,1.616000000000,   0.04400,
,,,1.620000000000,   0.04400,
,,,1.624000000000,   0.04800,
,,,1.628000000000,   0.04400,
,,,1.632000000000,   0.04400,
,,,1.636000000000,   0.04000,
,,,1.640000000000,   0.03200,
,,,1.644000000000,   0.02800,
,,,1.648000000000,   0.02800,
,,,1.652000000000,   0.02000,
,,,1.656000000000,   0.01200,
,,,1.660000000000,   0.00800,
,,,1.664000000000,   0.00400,
,,,1.668000000000,   0.00400,
,,,1.672000000000,  -0.00400,
,,,1.676000000000,  -0.01200,
,,,1.680000000000,  -0.01600,
,,,1.684000000000,  -0.02000,
,,,1.688000000000,  -0.02800,
,,,1.692000000000,  -0.03200,
,,,1.696000000000,  -0.03600,
,,,1.700000000000,  -0.03600,
,,,1.704000000000,  -0.03600,
,,,1.708000000000,  -0.04000,
,,,1.712000000000,  -0.04400,
,,,1.716000000000,  -0.04400,
,,,1.720000000000,  -0.04800,
,,,1.724000000000,  -0.04400,
,,,1.728000000000,  -0.04400,
,,,1.732000000000,  -0.04400,
,,,1.736000000000,  -0.04800,
,,,1.740000000000,  -0.04400,
,,,1.744000000000,  -0.04400,
,,,1.748000000000,  -0.04400,
,,,1.752000000000,  -0.04800,
,,,1.756000000000,  -0.04800,
,,,1.760000000000,  -0.04400,
,,,1.764000000000,  -0.04400,
,,,1.768000000000,  -0.04000,
,,,1.772000000000,  -0.04400,
,,,1.776000000000,  -0.04400,
,,,1.780000000000,  -0.04000,
,,,1.784000000000,  -0.04000,
,,,1.788000000000,  -0.03600,
,,,1.792000000000,  -0.03600,
,,,1.796000000000,  -0.04000,
,,,1.800000000000,  -0.04000,
,,,1.804000000000,  -0.04000,
,,,1.808000000000,  -0.04000,
,,,1.812000000000,  -0.04000,
,,,1.816000000000,  -0.04000,
,,,1.820000000000,  -0.04000,
,,,1.824000000000,  -0.03600,
,,,1.828000000000,  -0.04000,
,,,1.832000000000,  -0.04000,
,,,1.836000000000,  -0.04000,
,,,1.840000000000,  -0.03600,
,,,1.844000000000,  -0.03600,
,,,1.848000000000,  -0.03200,
,,,1.852000000000,  -0.03600,
,,,1.856000000000,  -0.02800,
,,,1.860000000000,  -0.03600,
,,,1.864000000000,  -0.03200,
,,,1.868000000000,  -0.03200,
,,,1.872000000000,  -0.03600,
,,,1.876000000000,  -0.03600,
,,,1.880000000000,  -0.03600,
,,,1.884000000000,  -0.04000,
,,,1.888000000000,  -0.03600,
,,,1.892000000000,  -0.03600,
,,,1.896000000000,  -0.03600,
,,,1.900000000000,  -0.03200,
,,,1.904000000000,  -0.03200,
,,,1.908000000000,  -0.03200,
,,,1.912000000000,  -0.03200,
,,,1.916000000000,  -0.02800,
,,,1.920000000000,  -0.03200,
,,,1.924000000000,  -0.03200,
,,,1.928000000000,  -0.03200,
,,,1.932000000000,  -0.03200,
,,,1.936000000000,  -0.04000,
,,,1.940000000000,  -0.03600,
,,,1.944000000000,  -0.03600,
,,,1.948000000000,  -0.03600,
,,,1.952000000000,  -0.03600,
,,,1.956000000000,  -0.03200,
,,,1.960000000000,  -0.03200,
,,,1.964000000000,  -0.03200,
,,,1.968000000000,  -0.03200,
,,,1.972000000000,  -0.02800,
,,,1.976000000000,  -0.03200,
,,,1.980000000000,  -0.03200,
,,,1.984000000000,  -0.02800,
,,,1.988000000000,  -0.02800,
,,,1.992000000000,  -0.02800,
,,,1.996000000000,  -0.02800,
,,,2.000000000000,  -0.02800,
,,,2.004000000000,  -0.02800,
,,,2.008000000000,  -0.02400,
,,,2.012000000000,  -0.02000,
,,,2.016000000000,  -0.01600,
,,,2.020000000000,  -0.01200,
,,,2.024000000000,  -0.01200,
,,,2.028000000000,  -0.01200,
,,,2.032000000000,  -0.02000,
,,,2.036000000000,  -0.02000,
,,,2.040000000000,  -0.01600,
,,,2.044000000000,  -0.02000,
,,,2.048000000000,  -0.02000,
,,,2.052000000000,  -0.02400,
,,,2.056000000000,  -0.02400,
,,,2.060000000000,  -0.02800,
,,,2.064000000000,  -0.03200,
,,,2.068000000000,  -0.03200,
,,,2.072000000000,  -0.04000,
,,,2.076000000000,  -0.04000,
,,,2.080000000000,  -0.03200,
,,,2.084000000000,  -0.02800,
,,,2.088000000000,  -0.02800,
,,,2.092000000000,  -0.03200,
,,,2.096000000000,  -0.02800,
,,,2.100000000000,  -0.03200,
,,,2.104000000000,  -0.02800,
,,,2.108000000000,  -0.03200,
,,,2.112000000000,  -0.03200,
,,,2.116000000000,  -0.03600,
,,,2.120000000000,  -0.03200,
,,,2.124000000000,  -0.02800,
,,,2.128000000000,  -0.01600,
,,,2.132000000000,  -0.00400,
,,,2.136000000000,   0.02000,
,,,2.140000000000,   0.05200,
,,,2.144000000000,   0.08800,
,,,2.148000000000,   0.12000,
,,,2.152000000000,   0.14400,
,,,2.156000000000,   0.15200,
,,,2.160000000000,   0.14800,
,,,2.164000000000,   0.13200,
,,,2.168000000000,   0.10400,
,,,2.172000000000,   0.08000,
,,,2.176000000000,   0.05600,
,,,2.180000000000,   0.03600,
,,,2.184000000000,   0.02000,
,,,2.188000000000,   0.01200,
,,,2.192000000000,   0.00400,
,,,2.196000000000,  -0.00800,
,,,2.200000000000,  -0.01200,
,,,2.204000000000,  -0.01200,
,,,2.208000000000,  -0.01600,
,,,2.212000000000,  -0.01600,
,,,2.216000000000,  -0.01600,
,,,2.220000000000,  -0.02400,
,,,2.224000000000,  -0.02400,
,,,2.228000000000,  -0.02400,
,,,2.232000000000,  -0.02400,
,,,2.236000000000,  -0.02000,
,,,2.240000000000,  -0.02400,
,,,2.244000000000,  -0.02000,
,,,2.248000000000,  -0.02000,
,,,2.252000000000,  -0.02000,
,,,2.256000000000,  -0.01600,
,,,2.260000000000,  -0.01200,
,,,2.264000000000,  -0.01200,
,,,2.268000000000,  -0.00800,
,,,2.272000000000,  -0.00400,
,,,2.276000000000,  -0.00800,
,,,2.280000000000,   0.00000,
,,,2.284000000000,  -0.00400,
,,,2.288000000000,  -0.00400,
,,,2.292000000000,   0.00000,
,,,2.296000000000,   0.00000,
,,,2.300000000000,   0.00000,
,,,2.304000000000,   0.00400,
,,,2.308000000000,   0.00400,
,,,2.312000000000,   0.00400,
,,,2.316000000000,   0.00400,
,,,2.320000000000,   0.00800,
,,,2.324000000000,   0.01200,
,,,2.328000000000,   0.01200,
,,,2.332000000000,   0.02000,
,,,2.336000000000,   0.02000,
,,,2.340000000000,   0.02400,
,,,2.344000000000,   0.02800,
,,,2.348000000000,   0.03200,
,,,2.352000000000,   0.03600,
,,,2.356000000000,   0.03600,
,,,2.360000000000,   0.04400,
,,,2.364000000000,   0.04800,
,,,2.368000000000,   0.04800,
,,,2.372000000000,   0.05200,
,,,2.376000000000,   0.04800,
,,,2.380000000000,   0.05200,
,,,2.384000000000,   0.04800,
,,,2.388000000000,   0.04800,
,,,2.392000000000,   0.04400,
,,,2.396000000000,   0.04400,
,,,2.400000000000,   0.04000,
,,,2.404000000000,   0.03600,
,,,2.408000000000,   0.03200,
,,,2.412000000000,   0.02400,
,,,2.416000000000,   0.02000,
,,,2.420000000000,   0.01200,
,,,2.424000000000,   0.01200,
,,,2.428000000000,   0.00400,
,,,2.432000000000,  -0.00400,
,,,2.436000000000,  -0.00800,
,,,2.440000000000,  -0.02000,
,,,2.444000000000,  -0.02000,
,,,2.448000000000,  -0.02400,
,,,2.452000000000,  -0.02400,
,,,2.456000000000,  -0.02800,
,,,2.460000000000,  -0.03200,
,,,2.464000000000,  -0.03200,
,,,2.468000000000,  -0.03200,
,,,2.472000000000,  -0.03200,
,,,2.476000000000,  -0.03600,
,,,2.480000000000,  -0.03600,
,,,2.484000000000,  -0.03600,
,,,2.488000000000,  -0.03200,
,,,2.492000000000,  -0.03200,
,,,2.496000000000,  -0.03200,
,,,2.500000000000,  -0.03200,
,,,2.504000000000,  -0.03200,
,,,2.508000000000,  -0.03200,
,,,2.512000000000,  -0.03200,
,,,2.516000000000,  -0.03200,
,,,2.520000000000,  -0.03200,
,,,2.524000000000,  -0.03200,
,,,2.528000000000,  -0.02800,
,,,2.532000000000,  -0.02800,
,,,2.536000000000,  -0.02400,
,,,2.540000000000,  -0.02400,
,,,2.544000000000,  -0.02400,
,,,2.548000000000,  -0.02400,
,,,2.552000000000,  -0.02400,
,,,2.556000000000,  -0.02000,
,,,2.560000000000,  -0.02400,
,,,2.564000000000,  -0.02000,
,,,2.568000000000,  -0.02000,
,,,2.572000000000,  -0.02000,
,,,2.576000000000,  -0.02000,
,,,2.580000000000,  -0.02000,
,,,2.584000000000,  -0.02000,
,,,2.588000000000,  -0.02000,
,,,2.592000000000,  -0.02000,
,,,2.596000000000,  -0.01600,
,,,2.600000000000,  -0.01600,
,,,2.604000000000,  -0.01600,
,,,2.608000000000,  -0.01600,
,,,2.612000000000,  -0.01600,
,,,2.616000000000,  -0.01600,
,,,2.620000000000,  -0.01600,
,,,2.624000000000,  -0.01600,
,,,2.628000000000,  -0.01600,
,,,2.632000000000,  -0.02000,
,,,2.636000000000,  -0.02000,
,,,2.640000000000,  -0.01600,
,,,2.644000000000,  -0.01600,
,,,2.648000000000,  -0.01200,
,,,2.652000000000,  -0.01200,
,,,2.656000000000,  -0.01200,
,,,2.660000000000,  -0.00800,
,,,2.664000000000,  -0.01200,
,,,2.668000000000,  -0.01200,
,,,2.672000000000,  -0.01600,
,,,2.676000000000,  -0.01600,
,,,2.680000000000,  -0.01600,
,,,2.684000000000,  -0.01200,
,,,2.688000000000,  -0.01200,
,,,2.692000000000,  -0.01200,
,,,2.696000000000,  -0.01200,
,,,2.700000000000,  -0.01200,
,,,2.704000000000,  -0.00800,
,,,2.708000000000,  -0.00800,
,,,2.712000000000,  -0.00800,
,,,2.716000000000,  -0.00800,
,,,2.720000000000,  -0.00400,
,,,2.724000000000,  -0.00400,
,,,2.728000000000,  -0.00400,
,,,2.732000000000,  -0.00400,
,,,2.736000000000,  -0.00400,
,,,2.740000000000,  -0.00400,
,,,2.744000000000,   0.00000,
,,,2.748000000000,  -0.00400,
,,,2.752000000000,  -0.00400,
,,,2.756000000000,  -0.00400,
,,,2.760000000000,   0.00000,
,,,2.764000000000,   0.00400,
,,,2.768000000000,   0.00400,
,,,2.772000000000,   0.00400,
,,,2.776000000000,   0.00400,
,,,2.780000000000,   0.00800,
,,,2.784000000000,   0.00800,
,,,2.788000000000,   0.00800,
,,,2.792000000000,   0.01200,
,,,2.796000000000,   0.01200,
,,,2.800000000000,   0.01200,
,,,2.804000000000,   0.00800,
,,,2.808000000000,   0.00800,
,,,2.812000000000,   0.00800,
,,,2.816000000000,   0.00800,
,,,2.820000000000,   0.01200,
,,,2.824000000000,   0.01200,
,,,2.828000000000,   0.00800,
,,,2.832000000000,   0.00400,
,,,2.836000000000,  -0.00400,
,,,2.840000000000,  -0.00400,
,,,2.844000000000,  -0.00400,
,,,2.848000000000,  -0.00800,
,,,2.852000000000,  -0.01200,
,,,2.856000000000,  -0.01200,
,,,2.860000000000,  -0.01200,
,,,2.864000000000,  -0.01200,
,,,2.868000000000,  -0.00800,
,,,2.872000000000,  -0.00400,
,,,2.876000000000,  -0.00400,
,,,2.880000000000,   0.00000,
,,,2.884000000000,   0.00000,
,,,2.888000000000,   0.00800,
,,,2.892000000000,   0.01200,
,,,2.896000000000,   0.03200,
,,,2.900000000000,   0.05600,
,,,2.904000000000,   0.08800,
,,,2.908000000000,   0.12000,
,,,2.912000000000,   0.15600,
,,,2.916000000000,   0.18400,
,,,2.920000000000,   0.18400,
,,,2.924000000000,   0.17200,
,,,2.928000000000,   0.15200,
,,,2.932000000000,   0.12800,
,,,2.936000000000,   0.10000,
,,,2.940000000000,   0.08000,
,,,2.944000000000,   0.06400,
,,,2.948000000000,   0.04800,
,,,2.952000000000,   0.03200,
,,,2.956000000000,   0.02400,
,,,2.960000000000,   0.01600,
,,,2.964000000000,   0.00800,
,,,2.968000000000,   0.00400,
,,,2.972000000000,   0.00000,
,,,2.976000000000,  -0.00400,
,,,2.980000000000,  -0.00400,
,,,2.984000000000,  -0.00800,
,,,2.988000000000,  -0.00800,
,,,2.992000000000,  -0.00800,
,,,2.996000000000,  -0.00800,
,,,3.000000000000,  -0.00400,
,,,3.004000000000,   0.00400,
,,,3.008000000000,  -0.00400,
,,,3.012000000000,  -0.00400,
,,,3.016000000000,  -0.00800,
,,,3.020000000000,  -0.00400,
,,,3.024000000000,   0.00000,
,,,3.028000000000,  -0.00400,
,,,3.032000000000,   0.00000,
,,,3.036000000000,   0.00400,
,,,3.040000000000,   0.00400,
,,,3.044000000000,   0.00400,
,,,3.048000000000,   0.00800,
,,,3.052000000000,   0.00800,
,,,3.056000000000,   0.00800,
,,,3.060000000000,   0.01200,
,,,3.064000000000,   0.01600,
,,,3.068000000000,   0.01600,
,,,3.072000000000,   0.01600,
,,,3.076000000000,   0.02000,
,,,3.080000000000,   0.02400,
,,,3.084000000000,   0.02400,
,,,3.088000000000,   0.02800,
,,,3.092000000000,   0.03600,
,,,3.096000000000,   0.04000,
,,,3.100000000000,   0.04000,
,,,3.104000000000,   0.04400,
,,,3.108000000000,   0.04800,
,,,3.112000000000,   0.04800,
,,,3.116000000000,   0.05200,
,,,3.120000000000,   0.05600,
,,,3.124000000000,   0.05600,
,,,3.128000000000,   0.06400,
,,,3.132000000000,   0.05600,
,,,3.136000000000,   0.05600,
,,,3.140000000000,   0.05600,
,,,3.144000000000,   0.05600,
,,,3.148000000000,   0.06000,
,,,3.152000000000,   0.05600,
,,,3.156000000000,   0.05600,
,,,3.160000000000,   0.06000,
,,,3.164000000000,   0.05600,
,,,3.168000000000,   0.04800,
,,,3.172000000000,   0.04800,
,,,3.176000000000,   0.03600,
,,,3.180000000000,   0.03200,
,,,3.184000000000,   0.02800,
,,,3.188000000000,   0.02400,
,,,3.192000000000,   0.01600,
,,,3.196000000000,   0.00800,
,,,3.200000000000,   0.00000,
,,,3.204000000000,  -0.00400,
,,,3.208000000000,  -0.00800,
,,,3.212000000000,  -0.01200,
,,,3.216000000000,  -0.01600,
,,,3.220000000000,  -0.01600,
,,,3.224000000000,  -0.02400,
,,,3.228000000000,  -0.02800,
,,,3.232000000000,  -0.02400,
,,,3.236000000000,  -0.02800,
,,,3.240000000000,  -0.02800,
,,,3.244000000000,  -0.02400,
,,,3.248000000000,  -0.02800,
,,,3.252000000000,  -0.02800,
,,,3.256000000000,  -0.02800,
,,,3.260000000000,  -0.02800,
,,,3.264000000000,  -0.02400,
,,,3.268000000000,  -0.02400,
,,,3.272000000000,  -0.02400,
,,,3.276000000000,  -0.02400,
,,,3.280000000000,  -0.02400,
,,,3.284000000000,  -0.02400,
,,,3.288000000000,  -0.02400,
,,,3.292000000000,  -0.02400,
,,,3.296000000000,  -0.02400,
,,,3.300000000000,  -0.02400,
,,,3.304000000000,  -0.02000,
,,,3.308000000000,  -0.02400,
,,,3.312000000000,  -0.02000,
,,,3.316000000000,  -0.02000,
,,,3.320000000000,  -0.02000,
,,,3.324000000000,  -0.01600,
,,,3.328000000000,  -0.01600,
,,,3.332000000000,  -0.01600,
,,,3.336000000000,  -0.01600,
,,,3.340000000000,  -0.01600,
,,,3.344000000000,  -0.02000,
,,,3.348000000000,  -0.01600,
,,,3.352000000000,  -0.02000,
,,,3.356000000000,  -0.02000,
,,,3.360000000000,  -0.02000,
,,,3.364000000000,  -0.01600,
,,,3.368000000000,  -0.01600,
,,,3.372000000000,  -0.02000,
,,,3.376000000000,  -0.01600,
,,,3.380000000000,  -0.02000,
,,,3.384000000000,  -0.01600,
,,,3.388000000000,  -0.01600,
,,,3.392000000000,  -0.01600,
,,,3.396000000000,  -0.01600,
,,,3.400000000000,  -0.01600,
,,,3.404000000000,  -0.01600,
,,,3.408000000000,  -0.01600,
,,,3.412000000000,  -0.01600,
,,,3.416000000000,  -0.01600,
,,,3.420000000000,  -0.02000,
,,,3.424000000000,  -0.01200,
,,,3.428000000000,  -0.01200,
,,,3.432000000000,  -0.01200,
,,,3.436000000000,  -0.01200,
,,,3.440000000000,  -0.01600,
,,,3.444000000000,  -0.01200,
,,,3.448000000000,  -0.00800,
,,,3.452000000000,  -0.00800,
,,,3.456000000000,  -0.00800,
,,,3.460000000000,  -0.01200,
,,,3.464000000000,  -0.01200,
,,,3.468000000000,  -0.01200,
,,,3.472000000000,  -0.01200,
,,,3.476000000000,  -0.01600,
,,,3.480000000000,  -0.01600,
,,,3.484000000000,  -0.01600,
,,,3.488000000000,  -0.02000,
,,,3.492000000000,  -0.02000,
,,,3.496000000000,  -0.02000,
,,,3.500000000000,  -0.01200,
,,,3.504000000000,  -0.01200,
,,,3.508000000000,  -0.00800,
,,,3.512000000000,  -0.00800,
,,,3.516000000000,  -0.00400,
,,,3.520000000000,  -0.00400,
,,,3.524000000000,   0.00000,
,,,3.528000000000,   0.00400,
,,,3.532000000000,   0.00800,
,,,3.536000000000,   0.00800,
,,,3.540000000000,   0.00800,
,,,3.544000000000,   0.00800,
,,,3.548000000000,   0.00400,
,,,3.552000000000,   0.00400,
,,,3.556000000000,   0.00000,
,,,3.560000000000,  -0.00400,
,,,3.564000000000,   0.00000,
,,,3.568000000000,  -0.00400,
,,,3.572000000000,  -0.00800,
,,,3.576000000000,  -0.01200,
,,,3.580000000000,  -0.00800,
,,,3.584000000000,  -0.01200,
,,,3.588000000000,  -0.00800,
,,,3.592000000000,  -0.00800,
,,,3.596000000000,  -0.00800,
,,,3.600000000000,  -0.00400,
,,,3.604000000000,  -0.00800,
,,,3.608000000000,  -0.01200,
,,,3.612000000000,  -0.01200,
,,,3.616000000000,  -0.01600,
,,,3.620000000000,  -0.01600,
,,,3.624000000000,  -0.01600,
,,,3.628000000000,  -0.01200,
,,,3.632000000000,  -0.01600,
,,,3.636000000000,  -0.01600,
,,,3.640000000000,  -0.01200,
,,,3.644000000000,  -0.00400,
,,,3.648000000000,   0.01200,
,,,3.652000000000,   0.04400,
,,,3.656000000000,   0.07600,
,,,3.660000000000,   0.11200,
,,,3.664000000000,   0.15200,
,,,3.668000000000,   0.17200,
,,,3.672000000000,   0.18000,
,,,3.676000000000,   0.16800,
,,,3.680000000000,   0.14800,
,,,3.684000000000,   0.12400,
,,,3.688000000000,   0.09600,
,,,3.692000000000,   0.07200,
,,,3.696000000000,   0.05200,
,,,3.700000000000,   0.03600,
,,,3.704000000000,   0.02000,
,,,3.708000000000,   0.00800,
,,,3.712000000000,   0.00000,
,,,3.716000000000,  -0.00800,
,,,3.720000000000,  -0.00800,
,,,3.724000000000,  -0.01600,
,,,3.728000000000,  -0.02000,
,,,3.732000000000,  -0.02000,
,,,3.736000000000,  -0.02400,
,,,3.740000000000,  -0.02000,
,,,3.744000000000,  -0.01600,
,,,3.748000000000,  -0.02000,
,,,3.752000000000,  -0.02000,
,,,3.756000000000,  -0.01600,
,,,3.760000000000,  -0.01200,
,,,3.764000000000,  -0.01200,
,,,3.768000000000,  -0.01200,
,,,3.772000000000,  -0.01200,
,,,3.776000000000,  -0.00800,
,,,3.780000000000,  -0.00800,
,,,3.784000000000,  -0.00400,
,,,3.788000000000,   0.00000,
,,,3.792000000000,  -0.00400,
,,,3.796000000000,  -0.00400,
,,,3.800000000000,   0.00000,
,,,3.804000000000,   0.00000,
,,,3.808000000000,  -0.00400,
,,,3.812000000000,  -0.00400,
,,,3.816000000000,   0.00000,
,,,3.820000000000,   0.00400,
,,,3.824000000000,   0.00800,
,,,3.828000000000,   0.01200,
,,,3.832000000000,   0.01600,
,,,3.836000000000,   0.02000,
,,,3.840000000000,   0.01600,
,,,3.844000000000,   0.02800,
,,,3.848000000000,   0.02800,
,,,3.852000000000,   0.02800,
,,,3.856000000000,   0.03200,
,,,3.860000000000,   0.03600,
,,,3.864000000000,   0.03600,
,,,3.868000000000,   0.04000,
,,,3.872000000000,   0.04400,
,,,3.876000000000,   0.04800,
,,,3.880000000000,   0.05200,
,,,3.884000000000,   0.05200,
,,,3.888000000000,   0.05200,
,,,3.892000000000,   0.05200,
,,,3.896000000000,   0.05200,
,,,3.900000000000,   0.05200,
,,,3.904000000000,   0.05200,
,,,3.908000000000,   0.04800,
,,,3.912000000000,   0.04800,
,,,3.916000000000,   0.04400,
,,,3.920000000000,   0.04000,
,,,3.924000000000,   0.03200,
,,,3.928000000000,   0.03200,
,,,3.932000000000,   0.02800,
,,,3.936000000000,   0.02000,
,,,3.940000000000,   0.01600,
,,,3.944000000000,   0.00800,
,,,3.948000000000,   0.00400,
,,,3.952000000000,  -0.00400,
,,,3.956000000000,  -0.00800,
,,,3.960000000000,  -0.01200,
,,,3.964000000000,  -0.01600,
,,,3.968000000000,  -0.02400,
,,,3.972000000000,  -0.02400,
,,,3.976000000000,  -0.02800,
,,,3.980000000000,  -0.02800,
,,,3.984000000000,  -0.02800,
,,,3.988000000000,  -0.03200,
,,,3.992000000000,  -0.02800,
,,,3.996000000000,  -0.03200,
,,,4.000000000000,  -0.02400,
,,,4.004000000000,  -0.02800,
,,,4.008000000000,  -0.02800,
,,,4.012000000000,  -0.03200,
,,,4.016000000000,  -0.03200,
,,,4.020000000000,  -0.02800,
,,,4.024000000000,  -0.02800,
,,,4.028000000000,  -0.03600,
,,,4.032000000000,  -0.03200,
,,,4.036000000000,  -0.02800,
,,,4.040000000000,  -0.02800,
,,,4.044000000000,  -0.02800,
,,,4.048000000000,  -0.02400,
,,,4.052000000000,  -0.02400,
,,,4.056000000000,  -0.02400,
,,,4.060000000000,  -0.02400,
,,,4.064000000000,  -0.02000,
,,,4.068000000000,  -0.02000,
,,,4.072000000000,  -0.02400,
,,,4.076000000000,  -0.02400,
,,,4.080000000000,  -0.02400,
,,,4.084000000000,  -0.02400,
,,,4.088000000000,  -0.02400,
,,,4.092000000000,  -0.02400,
,,,4.096000000000,  -0.02400,
,,,4.100000000000,  -0.02400,
,,,4.104000000000,  -0.02400,
,,,4.108000000000,  -0.02800,
,,,4.112000000000,  -0.02800,
,,,4.116000000000,  -0.02400,
,,,4.120000000000,  -0.02400,
,,,4.124000000000,  -0.02800,
,,,4.128000000000,  -0.02400,
,,,4.132000000000,  -0.02400,
,,,4.136000000000,  -0.02800,
,,,4.140000000000,  -0.02800,
,,,4.144000000000,  -0.02400,
,,,4.148000000000,  -0.02400,
,,,4.152000000000,  -0.02400,
,,,4.156000000000,  -0.02400,
,,,4.160000000000,  -0.02400,
,,,4.164000000000,  -0.02400,
,,,4.168000000000,  -0.02400,
,,,4.172000000000,  -0.02400,
,,,4.176000000000,  -0.02400,
,,,4.180000000000,  -0.02000,
,,,4.184000000000,  -0.02400,
,,,4.188000000000,  -0.02400,
,,,4.192000000000,  -0.02800,
,,,4.196000000000,  -0.02800,
,,,4.200000000000,  -0.02400,
,,,4.204000000000,  -0.02400,
,,,4.208000000000,  -0.02400,
,,,4.212000000000,  -0.02400,
,,,4.216000000000,  -0.02000,
,,,4.220000000000,  -0.02000,
,,,4.224000000000,  -0.01600,
,,,4.228000000000,  -0.02400,
,,,4.232000000000,  -0.02400,
,,,4.236000000000,  -0.02800,
,,,4.240000000000,  -0.02400,
,,,4.244000000000,  -0.02400,
,,,4.248000000000,  -0.02400,
,,,4.252000000000,  -0.02400,
,,,4.256000000000,  -0.02000,
,,,4.260000000000,  -0.01600,
,,,4.264000000000,  -0.01200,
,,,4.268000000000,  -0.00800,
,,,4.272000000000,  -0.00400,
,,,4.276000000000,  -0.00400,
,,,4.280000000000,   0.00000,
,,,4.284000000000,   0.00000,
,,,4.288000000000,   0.00000,
,,,4.292000000000,  -0.00400,
,,,4.296000000000,  -0.00800,
,,,4.300000000000,  -0.00800,
,,,4.304000000000,  -0.01200,
,,,4.308000000000,  -0.01200,
,,,4.312000000000,  -0.02000,
,,,4.316000000000,  -0.01600,
,,,4.320000000000,  -0.02400,
,,,4.324000000000,  -0.02400,
,,,4.328000000000,  -0.02800,
,,,4.332000000000,  -0.03200,
,,,4.336000000000,  -0.03200,
,,,4.340000000000,  -0.03600,
,,,4.344000000000,  -0.03200,
,,,4.348000000000,  -0.03600,
,,,4.352000000000,  -0.03600,
,,,4.356000000000,  -0.03600,
,,,4.360000000000,  -0.04000,
,,,4.364000000000,  -0.03600,
,,,4.368000000000,  -0.03600,
,,,4.372000000000,  -0.03600,
,,,4.376000000000,  -0.03600,
,,,4.380000000000,  -0.03200,
,,,4.384000000000,  -0.02800,
,,,4.388000000000,  -0.01200,
,,,4.392000000000,   0.00800,
,,,4.396000000000,   0.03600,
,,,4.400000000000,   0.07200,
,,,4.404000000000,   0.10400,
,,,4.408000000000,   0.13200,
,,,4.412000000000,   0.14800,
,,,4.416000000000,   0.14800,
,,,4.420000000000,   0.14000,
,,,4.424000000000,   0.11600,
,,,4.428000000000,   0.08800,
,,,4.432000000000,   0.06400,
,,,4.436000000000,   0.04400,
,,,4.440000000000,   0.02800,
,,,4.444000000000,   0.00800,
,,,4.448000000000,  -0.00400,
,,,4.452000000000,  -0.01200,
,,,4.456000000000,  -0.02400,
,,,4.460000000000,  -0.02400,
,,,4.464000000000,  -0.02400,
,,,4.468000000000,  -0.02800,
,,,4.472000000000,  -0.02800,
,,,4.476000000000,  -0.02800,
,,,4.480000000000,  -0.02800,
,,,4.484000000000,  -0.02400,
,,,4.488000000000,  -0.02400,
,,,4.492000000000,  -0.02400,
,,,4.496000000000,  -0.02000,
,,,4.500000000000,  -0.02000,
,,,4.504000000000,  -0.01600,
,,,4.508000000000,  -0.01600,
,,,4.512000000000,  -0.01600,
,,,4.516000000000,  -0.01200,
,,,4.520000000000,  -0.01200,
,,,4.524000000000,  -0.00800,
,,,4.528000000000,  -0.01200,
,,,4.532000000000,  -0.01200,
,,,4.536000000000,  -0.01600,
,,,4.540000000000,  -0.02000,
,,,4.544000000000,  -0.02000,
,,,4.548000000000,  -0.02400,
,,,4.552000000000,  -0.02000,
,,,4.556000000000,  -0.01600,
,,,4.560000000000,  -0.01200,
,,,4.564000000000,  -0.00800,
,,,4.568000000000,  -0.00800,
,,,4.572000000000,  -0.00400,
,,,4.576000000000,  -0.00400,
,,,4.580000000000,   0.00400,
,,,4.584000000000,   0.00800,
,,,4.588000000000,   0.01200,
,,,4.592000000000,   0.01600,
,,,4.596000000000,   0.02400,
,,,4.600000000000,   0.02400,
,,,4.604000000000,   0.02800,
,,,4.608000000000,   0.02800,
,,,4.612000000000,   0.02800,
,,,4.616000000000,   0.03200,
,,,4.620000000000,   0.03200,
,,,4.624000000000,   0.03200,
,,,4.628000000000,   0.03600,
,,,4.632000000000,   0.03600,
,,,4.636000000000,   0.03600,
,,,4.640000000000,   0.03600,
,,,4.644000000000,   0.04000,
,,,4.648000000000,   0.03600,
,,,4.652000000000,   0.03600,
,,,4.656000000000,   0.03600,
,,,4.660000000000,   0.03600,
,,,4.664000000000,   0.03200,
,,,4.668000000000,   0.02400,
,,,4.672000000000,   0.02000,
,,,4.676000000000,   0.01600,
,,,4.680000000000,   0.01200,
,,,4.684000000000,   0.00800,
,,,4.688000000000,   0.00400,
,,,4.692000000000,   0.00000,
,,,4.696000000000,  -0.00400,
,,,4.700000000000,  -0.00800,
,,,4.704000000000,  -0.00800,
,,,4.708000000000,  -0.01600,
,,,4.712000000000,  -0.02400,
,,,4.716000000000,  -0.02400,
,,,4.720000000000,  -0.02800,
,,,4.724000000000,  -0.02400,
,,,4.728000000000,  -0.02800,
,,,4.732000000000,  -0.02400,
,,,4.736000000000,  -0.02800,
,,,4.740000000000,  -0.02400,
,,,4.744000000000,  -0.02400,
,,,4.748000000000,  -0.02800,
,,,4.752000000000,  -0.02800,
,,,4.756000000000,  -0.02400,
,,,4.760000000000,  -0.02400,
,,,4.764000000000,  -0.02400,
,,,4.768000000000,  -0.02400,
,,,4.772000000000,  -0.02400,
,,,4.776000000000,  -0.02400,
,,,4.780000000000,  -0.02400,
,,,4.784000000000,  -0.02800,
,,,4.788000000000,  -0.02400,
,,,4.792000000000,  -0.02400,
,,,4.796000000000,  -0.02400,
,,,4.800000000000,  -0.02400,
,,,4.804000000000,  -0.02400,
,,,4.808000000000,  -0.02000,
,,,4.812000000000,  -0.02000,
,,,4.816000000000,  -0.01600,
,,,4.820000000000,  -0.02000,
,,,4.824000000000,  -0.01600,
,,,4.828000000000,  -0.01600,
,,,4.832000000000,  -0.01600,
,,,4.836000000000,  -0.02000,
,,,4.840000000000,  -0.02000,
,,,4.844000000000,  -0.02400,
,,,4.848000000000,  -0.02000,
,,,4.852000000000,  -0.02000,
,,,4.856000000000,  -0.01600,
,,,4.860000000000,  -0.02000,
,,,4.864000000000,  -0.02400,
,,,4.868000000000,  -0.02000,
,,,4.872000000000,  -0.02400,
,,,4.876000000000,  -0.02400,
,,,4.880000000000,  -0.02400,
,,,4.884000000000,  -0.02400,
,,,4.888000000000,  -0.02000,
,,,4.892000000000,  -0.02000,
,,,4.896000000000,  -0.02000,
,,,4.900000000000,  -0.01600,
,,,4.904000000000,  -0.02000,
,,,4.908000000000,  -0.02000,
,,,4.912000000000,  -0.02400,
,,,4.916000000000,  -0.02400,
,,,4.920000000000,  -0.02400,
,,,4.924000000000,  -0.02400,
,,,4.928000000000,  -0.02000,
,,,4.932000000000,  -0.02400,
,,,4.936000000000,  -0.02000,
,,,4.940000000000,  -0.02400,
,,,4.944000000000,  -0.02000,
,,,4.948000000000,  -0.02000,
,,,4.952000000000,  -0.02000,
,,,4.956000000000,  -0.02400,
,,,4.960000000000,  -0.02400,
,,,4.964000000000,  -0.02000,
,,,4.968000000000,  -0.02000,
,,,4.972000000000,  -0.02000,
,,,4.976000000000,  -0.01600,
,,,4.980000000000,  -0.01600,
,,,4.984000000000,  -0.01600,
,,,4.988000000000,  -0.02000,
,,,4.992000000000,  -0.01600,
,,,4.996000000000,  -0.01200,
,,,5.000000000000,  -0.01200,
,,,5.004000000000,  -0.00800,
,,,5.008000000000,  -0.00400,
,,,5.012000000000,  -0.00400,
,,,5.016000000000,  -0.00400,
,,,5.020000000000,  -0.00400,
,,,5.024000000000,  -0.00400,
,,,5.028000000000,  -0.00800,
,,,5.032000000000,  -0.00800,
,,,5.036000000000,  -0.00800,
,,,5.040000000000,  -0.01200,
,,,5.044000000000,  -0.01200,
,,,5.048000000000,  -0.01600,
,,,5.052000000000,  -0.01600,
,,,5.056000000000,  -0.02400,
,,,5.060000000000,  -0.02000,
,,,5.064000000000,  -0.02000,
,,,5.068000000000,  -0.02400,
,,,5.072000000000,  -0.02400,
,,,5.076000000000,  -0.02800,
,,,5.080000000000,  -0.02800,
,,,5.084000000000,  -0.02400,
,,,5.088000000000,  -0.02400,
,,,5.092000000000,  -0.02400,
,,,5.096000000000,  -0.02400,
,,,5.100000000000,  -0.02400,
,,,5.104000000000,  -0.02400,
,,,5.108000000000,  -0.02800,
,,,5.112000000000,  -0.02800,
,,,5.116000000000,  -0.02400,
,,,5.120000000000,  -0.02000,
,,,5.124000000000,  -0.00400,
,,,5.128000000000,   0.00800,
,,,5.132000000000,   0.04400,
,,,5.136000000000,   0.07600,
,,,5.140000000000,   0.10400,
,,,5.144000000000,   0.13200,
,,,5.148000000000,   0.14400,
,,,5.152000000000,   0.14000,
,,,5.156000000000,   0.12400,
,,,5.160000000000,   0.10400,
,,,5.164000000000,   0.08400,
,,,5.168000000000,   0.06000,
,,,5.172000000000,   0.03600,
,,,5.176000000000,   0.02400,
,,,5.180000000000,   0.00800,
,,,5.184000000000,  -0.00400,
,,,5.188000000000,  -0.01200,
,,,5.192000000000,  -0.02400,
,,,5.196000000000,  -0.02800,
,,,5.200000000000,  -0.02800,
,,,5.204000000000,  -0.03200,
,,,5.208000000000,  -0.03600,
,,,5.212000000000,  -0.03600,
,,,5.216000000000,  -0.03600,
,,,5.220000000000,  -0.03200,
,,,5.224000000000,  -0.03600,
,,,5.228000000000,  -0.03200,
,,,5.232000000000,  -0.03600,
,,,5.236000000000,  -0.03600,
,,,5.240000000000,  -0.03600,
,,,5.244000000000,  -0.03200,
,,,5.248000000000,  -0.03200,
,,,5.252000000000,  -0.02800,
,,,5.256000000000,  -0.02800,
,,,5.260000000000,  -0.02800,
,,,5.264000000000,  -0.02400,
,,,5.268000000000,  -0.02400,
,,,5.272000000000,  -0.02800,
,,,5.276000000000,  -0.02400,
,,,5.280000000000,  -0.02000,
,,,5.284000000000,  -0.02000,
,,,5.288000000000,  -0.01600,
,,,5.292000000000,  -0.01600,
,,,5.296000000000,  -0.01600,
,,,5.300000000000,  -0.01600,
,,,5.304000000000,  -0.01200,
,,,5.308000000000,  -0.00800,
,,,5.312000000000,  -0.01200,
,,,5.316000000000,  -0.00400,
,,,5.320000000000,  -0.00400,
,,,5.324000000000,   0.00400,
,,,5.328000000000,   0.00800,
,,,5.332000000000,   0.00800,
,,,5.336000000000,   0.00800,
,,,5.340000000000,   0.01200,
,,,5.344000000000,   0.01600,
,,,5.348000000000,   0.01600,
,,,5.352000000000,   0.02000,
,,,5.356000000000,   0.02000,
,,,5.360000000000,   0.02000,
,,,5.364000000000,   0.02400,
,,,5.368000000000,   0.02800,
,,,5.372000000000,   0.02800,
,,,5.376000000000,   0.03200,
,,,5.380000000000,   0.03200,
,,,5.384000000000,   0.02400,
,,,5.388000000000,   0.02400,
,,,5.392000000000,   0.02000,
,,,5.396000000000,   0.01600,
,,,5.400000000000,   0.01200,
,,,5.404000000000,   0.00800,
,,,5.408000000000,   0.00400,
,,,5.412000000000,  -0.00400,
,,,5.416000000000,  -0.00400,
,,,5.420000000000,  -0.01200,
,,,5.424000000000,  -0.01600,
,,,5.428000000000,  -0.02000,
,,,5.432000000000,  -0.02400,
,,,5.436000000000,  -0.03200,
,,,5.440000000000,  -0.03600,
,,,5.444000000000,  -0.04000,
,,,5.448000000000,  -0.03600,
,,,5.452000000000,  -0.03600,
,,,5.456000000000,  -0.04400,
,,,5.460000000000,  -0.04400,
,,,5.464000000000,  -0.04800,
,,,5.468000000000,  -0.04400,
,,,5.472000000000,  -0.04400,
,,,5.476000000000,  -0.04400,
,,,5.480000000000,  -0.04400,
,,,5.484000000000,  -0.04400,
,,,5.488000000000,  -0.03600,
,,,5.492000000000,  -0.04400,
,,,5.496000000000,  -0.04000,
,,,5.500000000000,  -0.04400,
,,,5.504000000000,  -0.04400,
,,,5.508000000000,  -0.04000,
,,,5.512000000000,  -0.03600,
,,,5.516000000000,  -0.03600,
,,,5.520000000000,  -0.03200,
,,,5.524000000000,  -0.03600,
,,,5.528000000000,  -0.03600,
,,,5.532000000000,  -0.03600,
,,,5.536000000000,  -0.03600,
,,,5.540000000000,  -0.03600,
,,,5.544000000000,  -0.03600,
,,,5.548000000000,  -0.03600,
,,,5.552000000000,  -0.04000,
,,,5.556000000000,  -0.03600,
,,,5.560000000000,  -0.03600,
,,,5.564000000000,  -0.03200,
,,,5.568000000000,  -0.03200,
,,,5.572000000000,  -0.03200,
,,,5.576000000000,  -0.03600,
,,,5.580000000000,  -0.03200,
,,,5.584000000000,  -0.03200,
,,,5.588000000000,  -0.03200,
,,,5.592000000000,  -0.03200,
,,,5.596000000000,  -0.03200,
,,,5.600000000000,  -0.03200,
,,,5.604000000000,  -0.03200,
,,,5.608000000000,  -0.03600,
,,,5.612000000000,  -0.03600,
,,,5.616000000000,  -0.03600,
,,,5.620000000000,  -0.03200,
,,,5.624000000000,  -0.03200,
,,,5.628000000000,  -0.03200,
,,,5.632000000000,  -0.03200,
,,,5.636000000000,  -0.03200,
,,,5.640000000000,  -0.02800,
,,,5.644000000000,  -0.02800,
,,,5.648000000000,  -0.02400,
,,,5.652000000000,  -0.02800,
,,,5.656000000000,  -0.02800,
,,,5.660000000000,  -0.02800,
,,,5.664000000000,  -0.02800,
,,,5.668000000000,  -0.02800,
,,,5.672000000000,  -0.03200,
,,,5.676000000000,  -0.02800,
,,,5.680000000000,  -0.02800,
,,,5.684000000000,  -0.03200,
,,,5.688000000000,  -0.02800,
,,,5.692000000000,  -0.02800,
,,,5.696000000000,  -0.02800,
,,,5.700000000000,  -0.02400,
,,,5.704000000000,  -0.02800,
,,,5.708000000000,  -0.02400,
,,,5.712000000000,  -0.02800,
,,,5.716000000000,  -0.02800,
,,,5.720000000000,  -0.02800,
,,,5.724000000000,  -0.02400,
,,,5.728000000000,  -0.02800,
,,,5.732000000000,  -0.02400,
,,,5.736000000000,  -0.02000,
,,,5.740000000000,  -0.01600,
,,,5.744000000000,  -0.01200,
,,,5.748000000000,  -0.01200,
,,,5.752000000000,  -0.00800,
,,,5.756000000000,  -0.00400,
,,,5.760000000000,  -0.00400,
,,,5.764000000000,  -0.00400,
,,,5.768000000000,  -0.00800,
,,,5.772000000000,  -0.01200,
,,,5.776000000000,  -0.01200,
,,,5.780000000000,  -0.01600,
,,,5.784000000000,  -0.01600,
,,,5.788000000000,  -0.01600,
,,,5.792000000000,  -0.02400,
,,,5.796000000000,  -0.02400,
,,,5.800000000000,  -0.02400,
,,,5.804000000000,  -0.02400,
,,,5.808000000000,  -0.02400,
,,,5.812000000000,  -0.02800,
,,,5.816000000000,  -0.02400,
,,,5.820000000000,  -0.02800,
,,,5.824000000000,  -0.02800,
,,,5.828000000000,  -0.02800,
,,,5.832000000000,  -0.02800,
,,,5.836000000000,  -0.02800,
,,,5.840000000000,  -0.02400,
,,,5.844000000000,  -0.02000,
,,,5.848000000000,  -0.01600,
,,,5.852000000000,  -0.01600,
,,,5.856000000000,  -0.02000,
,,,5.860000000000,  -0.01200,
,,,5.864000000000,   0.00800,
,,,5.868000000000,   0.03200,
,,,5.872000000000,   0.06400,
,,,5.876000000000,   0.10400,
,,,5.880000000000,   0.13600,
,,,5.884000000000,   0.15600,
,,,5.888000000000,   0.16400,
,,,5.892000000000,   0.15600,
,,,5.896000000000,   0.13600,
,,,5.900000000000,   0.10400,
,,,5.904000000000,   0.08800,
,,,5.908000000000,   0.06400,
,,,5.912000000000,   0.04400,
,,,5.916000000000,   0.02800,
,,,5.920000000000,   0.01600,
,,,5.924000000000,   0.00800,
,,,5.928000000000,   0.00000,
,,,5.932000000000,  -0.01200,
,,,5.936000000000,  -0.01600,
,,,5.940000000000,  -0.01600,
,,,5.944000000000,  -0.02000,
,,,5.948000000000,  -0.02400,
,,,5.952000000000,  -0.02400,
,,,5.956000000000,  -0.02400,
,,,5.960000000000,  -0.02400,
,,,5.964000000000,  -0.02400,
,,,5.968000000000,  -0.02400,
,,,5.972000000000,  -0.02400,
,,,5.976000000000,  -0.02400,
,,,5.980000000000,  -0.02000,
,,,5.984000000000,  -0.02000,
,,,5.988000000000,  -0.02000,
,,,5.992000000000,  -0.01600,
,,,5.996000000000,  -0.01600,
,,,6.000000000000,  -0.01600,
,,,6.004000000000,  -0.02000,
,,,6.008000000000,  -0.01200,
,,,6.012000000000,  -0.01200,
,,,6.016000000000,  -0.01200,
,,,6.020000000000,  -0.01200,
,,,6.024000000000,  -0.00800,
,,,6.028000000000,  -0.00800,
,,,6.032000000000,  -0.00400,
,,,6.036000000000,  -0.00400,
,,,6.040000000000,   0.00000,
,,,6.044000000000,   0.00400,
,,,6.048000000000,   0.00800,
,,,6.052000000000,   0.00800,
,,,6.056000000000,   0.01200,
,,,6.060000000000,   0.01600,
,,,6.064000000000,   0.02000,
,,,6.068000000000,   0.02000,
,,,6.072000000000,   0.02800,
,,,6.076000000000,   0.02800,
,,,6.080000000000,   0.03600,
,,,6.084000000000,   0.04000,
,,,6.088000000000,   0.04400,
,,,6.092000000000,   0.04800,
,,,6.096000000000,   0.04800,
,,,6.100000000000,   0.04800,
,,,6.104000000000,   0.04800,
,,,6.108000000000,   0.04800,
,,,6.112000000000,   0.04400,
,,,6.116000000000,   0.04400,
,,,6.120000000000,   0.04400,
,,,6.124000000000,   0.04000,
,,,6.128000000000,   0.03600,
,,,6.132000000000,   0.03200,
,,,6.136000000000,   0.02800,
,,,6.140000000000,   0.03200,
,,,6.144000000000,   0.02400,
,,,6.148000000000,   0.02000,
,,,6.152000000000,   0.01600,
,,,6.156000000000,   0.00800,
,,,6.160000000000,   0.00800,
,,,6.164000000000,   0.00000,
,,,6.168000000000,  -0.00400,
,,,6.172000000000,  -0.00800,
,,,6.176000000000,  -0.01200,
,,,6.180000000000,  -0.01600,
,,,6.184000000000,  -0.02000,
,,,6.188000000000,  -0.02800,
,,,6.192000000000,  -0.02800,
,,,6.196000000000,  -0.03200,
,,,6.200000000000,  -0.03200,
,,,6.204000000000,  -0.03200,
,,,6.208000000000,  -0.02800,
,,,6.212000000000,  -0.03200,
,,,6.216000000000,  -0.02800,
,,,6.220000000000,  -0.02800,
,,,6.224000000000,  -0.02800,
,,,6.228000000000,  -0.02800,
,,,6.232000000000,  -0.02800,
,,,6.236000000000,  -0.03200,
,,,6.240000000000,  -0.02400,
,,,6.244000000000,  -0.02400,
,,,6.248000000000,  -0.02400,
,,,6.252000000000,  -0.02400,
,,,6.256000000000,  -0.02400,
,,,6.260000000000,  -0.02400,
,,,6.264000000000,  -0.02400,
,,,6.268000000000,  -0.02400,
,,,6.272000000000,  -0.02400,
,,,6.276000000000,  -0.02400,
,,,6.280000000000,  -0.02000,
,,,6.284000000000,  -0.01600,
,,,6.288000000000,  -0.02400,
,,,6.292000000000,  -0.02400,
,,,6.296000000000,  -0.01600,
,,,6.300000000000,  -0.02000,
,,,6.304000000000,  -0.02000,
,,,6.308000000000,  -0.02000,
,,,6.312000000000,  -0.01600,
,,,6.316000000000,  -0.01600,
,,,6.320000000000,  -0.02000,
,,,6.324000000000,  -0.01600,
,,,6.328000000000,  -0.02000,
,,,6.332000000000,  -0.02000,
,,,6.336000000000,  -0.02000,
,,,6.340000000000,  -0.02000,
,,,6.344000000000,  -0.01600,
,,,6.348000000000,  -0.01600,
,,,6.352000000000,  -0.01600,
,,,6.356000000000,  -0.01600,
,,,6.360000000000,  -0.01600,
,,,6.364000000000,  -0.01600,
,,,6.368000000000,  -0.01600,
,,,6.372000000000,  -0.01600,
,,,6.376000000000,  -0.01600,
,,,6.380000000000,  -0.01200,
,,,6.384000000000,  -0.01200,
,,,6.388000000000,  -0.01200,
,,,6.392000000000,  -0.01600,
,,,6.396000000000,  -0.01600,
,,,6.400000000000,  -0.01200,
,,,6.404000000000,  -0.01200,
,,,6.408000000000,  -0.01200,
,,,6.412000000000,  -0.01200,
,,,6.416000000000,  -0.01200,
,,,6.420000000000,  -0.01200,
,,,6.424000000000,  -0.01200,
,,,6.428000000000,  -0.01200,
,,,6.432000000000,  -0.01200,
,,,6.436000000000,  -0.01200,
,,,6.440000000000,  -0.01200,
,,,6.444000000000,  -0.01200,
,,,6.448000000000,  -0.01200,
,,,6.452000000000,  -0.01200,
,,,6.456000000000,  -0.01200,
,,,6.460000000000,  -0.00800,
,,,6.464000000000,  -0.00800,
,,,6.468000000000,  -0.00800,
,,,6.472000000000,  -0.00400,
,,,6.476000000000,  -0.00800,
,,,6.480000000000,  -0.00400,
,,,6.484000000000,  -0.00400,
,,,6.488000000000,   0.00000,
,,,6.492000000000,  -0.00400,
,,,6.496000000000,  -0.00400,
,,,6.500000000000,   0.00000,
,,,6.504000000000,   0.00400,
,,,6.508000000000,   0.00000,
,,,6.512000000000,   0.00400,
,,,6.516000000000,   0.00800,
,,,6.520000000000,   0.01200,
,,,6.524000000000,   0.00800,
,,,6.528000000000,   0.00800,
,,,6.532000000000,   0.00800,
,,,6.536000000000,   0.01200,
,,,6.540000000000,   0.01600,
,,,6.544000000000,   0.01200,
,,,6.548000000000,   0.01600,
,,,6.552000000000,   0.01200,
,,,6.556000000000,   0.01600,
,,,6.560000000000,   0.01200,
,,,6.564000000000,   0.01200,
,,,6.568000000000,   0.00800,
,,,6.572000000000,   0.00800,
,,,6.576000000000,   0.00800,
,,,6.580000000000,   0.00800,
,,,6.584000000000,   0.00400,
,,,6.588000000000,   0.00000,
,,,6.592000000000,   0.00000,
,,,6.596000000000,  -0.00400,
,,,6.600000000000,  -0.00400,
,,,6.604000000000,  -0.00400,
,,,6.608000000000,  -0.00800,
,,,6.612000000000,  -0.00800,
,,,6.616000000000,  -0.00800,
,,,6.620000000000,  -0.00400,
,,,6.624000000000,  -0.00400,
,,,6.628000000000,   0.00000,
,,,6.632000000000,   0.00400,
,,,6.636000000000,   0.01200,
,,,6.640000000000,   0.02400,
,,,6.644000000000,   0.04800,
,,,6.648000000000,   0.07200,
,,,6.652000000000,   0.10400,
,,,6.656000000000,   0.14400,
,,,6.660000000000,   0.17600,
,,,6.664000000000,   0.19600,
,,,6.668000000000,   0.19600,
,,,6.672000000000,   0.18400,
,,,6.676000000000,   0.16000,
,,,6.680000000000,   0.13200,
,,,6.684000000000,   0.10400,
,,,6.688000000000,   0.08400,
,,,6.692000000000,   0.06800,
,,,6.696000000000,   0.05200,
,,,6.700000000000,   0.04000,
,,,6.704000000000,   0.03200,
,,,6.708000000000,   0.02800,
,,,6.712000000000,   0.02000,
,,,6.716000000000,   0.01600,
,,,6.720000000000,   0.01200,
,,,6.724000000000,   0.00800,
,,,6.728000000000,   0.00400,
,,,6.732000000000,   0.00400,
,,,6.736000000000,   0.00000,
,,,6.740000000000,   0.00000,
,,,6.744000000000,  -0.00400,
,,,6.748000000000,   0.00000,
,,,6.752000000000,  -0.00400,
,,,6.756000000000,   0.00000,
,,,6.760000000000,   0.00000,
,,,6.764000000000,   0.00400,
,,,6.768000000000,   0.00400,
,,,6.772000000000,   0.00800,
,,,6.776000000000,   0.01200,
,,,6.780000000000,   0.01600,
,,,6.784000000000,   0.01600,
,,,6.788000000000,   0.01600,
,,,6.792000000000,   0.01600,
,,,6.796000000000,   0.02000,
,,,6.800000000000,   0.02000,
,,,6.804000000000,   0.02000,
,,,6.808000000000,   0.02400,
,,,6.812000000000,   0.02400,
,,,6.816000000000,   0.02800,
,,,6.820000000000,   0.02800,
,,,6.824000000000,   0.02800,
,,,6.828000000000,   0.03200,
,,,6.832000000000,   0.03600,
,,,6.836000000000,   0.04000,
,,,6.840000000000,   0.04000,
,,,6.844000000000,   0.04800,
,,,6.848000000000,   0.04800,
,,,6.852000000000,   0.05600,
,,,6.856000000000,   0.06000,
,,,6.860000000000,   0.06400,
,,,6.864000000000,   0.07200,
,,,6.868000000000,   0.07600,
,,,6.872000000000,   0.07200,
,,,6.876000000000,   0.07200,
,,,6.880000000000,   0.07600,
,,,6.884000000000,   0.07600,
,,,6.888000000000,   0.07200,
,,,6.892000000000,   0.07200,
,,,6.896000000000,   0.06800,
,,,6.900000000000,   0.06800,
,,,6.904000000000,   0.06800,
,,,6.908000000000,   0.06400,
,,,6.912000000000,   0.06000,
,,,6.916000000000,   0.05200,
,,,6.920000000000,   0.05600,
,,,6.924000000000,   0.04800,
,,,6.928000000000,   0.04000,
,,,6.932000000000,   0.03200,
,,,6.936000000000,   0.02800,
,,,6.940000000000,   0.02400,
,,,6.944000000000,   0.02000,
,,,6.948000000000,   0.01200,
,,,6.952000000000,   0.01600,
,,,6.956000000000,   0.00800,
,,,6.960000000000,   0.00800,
,,,6.964000000000,   0.00400,
,,,6.968000000000,   0.00800,
,,,6.972000000000,   0.00400,
,,,6.976000000000,   0.00400,
,,,6.980000000000,   0.00400,
,,,6.984000000000,   0.00400,
,,,6.988000000000,   0.00400,
,,,6.992000000000,   0.00000,
,,,6.996000000000,   0.00000,
,,,7.000000000000,   0.00000,
,,,7.004000000000,   0.00800,
,,,7.008000000000,  -0.00400,
,,,7.012000000000,   0.00000,
,,,7.016000000000,   0.00000,
,,,7.020000000000,   0.00000,
,,,7.024000000000,   0.00000,
,,,7.028000000000,   0.00000,
,,,7.032000000000,   0.00800,
,,,7.036000000000,   0.00800,
,,,7.040000000000,   0.00800,
,,,7.044000000000,   0.00800,
,,,7.048000000000,   0.00800,
,,,7.052000000000,   0.00800,
,,,7.056000000000,   0.01200,
,,,7.060000000000,   0.01200,
,,,7.064000000000,   0.01600,
,,,7.068000000000,   0.01600,
,,,7.072000000000,   0.01200,
,,,7.076000000000,   0.01200,
,,,7.080000000000,   0.00800,
,,,7.084000000000,   0.00800,
,,,7.088000000000,   0.00800,
,,,7.092000000000,   0.00400,
,,,7.096000000000,   0.00800,
,,,7.100000000000,   0.00800,
,,,7.104000000000,   0.00800,
,,,7.108000000000,   0.00800,
,,,7.112000000000,   0.00800,
,,,7.116000000000,   0.00800,
,,,7.120000000000,   0.00800,
,,,7.124000000000,   0.00800,
,,,7.128000000000,   0.00800,
,,,7.132000000000,   0.00800,
,,,7.136000000000,   0.00800,
,,,7.140000000000,   0.00800,
,,,7.144000000000,   0.00800,
,,,7.148000000000,   0.01200,
,,,7.152000000000,   0.01200,
,,,7.156000000000,   0.01200,
,,,7.160000000000,   0.01200,
,,,7.164000000000,   0.01200,
,,,7.168000000000,   0.00800,
,,,7.172000000000,   0.01200,
,,,7.176000000000,   0.00800,
,,,7.180000000000,   0.01200,
,,,7.184000000000,   0.01200,
,,,7.188000000000,   0.01200,
,,,7.192000000000,   0.01200,
,,,7.196000000000,   0.01200,
,,,7.200000000000,   0.01200,
,,,7.204000000000,   0.01200,
,,,7.208000000000,   0.00800,
,,,7.212000000000,   0.00800,
,,,7.216000000000,   0.00800,
,,,7.220000000000,   0.00800,
,,,7.224000000000,   0.00800,
,,,7.228000000000,   0.00800,
,,,7.232000000000,   0.00800,
,,,7.236000000000,   0.00800,
,,,7.240000000000,   0.00800,
,,,7.244000000000,   0.01200,
,,,7.248000000000,   0.01200,
,,,7.252000000000,   0.01200,
,,,7.256000000000,   0.01200,
,,,7.260000000000,   0.01600,
,,,7.264000000000,   0.01200,
,,,7.268000000000,   0.01200,
,,,7.272000000000,   0.01200,
,,,7.276000000000,   0.00800,
,,,7.280000000000,   0.00800,
,,,7.284000000000,   0.00800,
,,,7.288000000000,   0.00800,
,,,7.292000000000,   0.00800,
,,,7.296000000000,   0.01200,
,,,7.300000000000,   0.01200,
,,,7.304000000000,   0.01200,
,,,7.308000000000,   0.01200,
,,,7.312000000000,   0.01600,
,,,7.316000000000,   0.02000,
,,,7.320000000000,   0.02000,
,,,7.324000000000,   0.02000,
,,,7.328000000000,   0.02400,
,,,7.332000000000,   0.02400,
,,,7.336000000000,   0.02400,
,,,7.340000000000,   0.02000,
,,,7.344000000000,   0.01600,
,,,7.348000000000,   0.01600,
,,,7.352000000000,   0.01200,
,,,7.356000000000,   0.00800,
,,,7.360000000000,   0.00800,
,,,7.364000000000,   0.00800,
,,,7.368000000000,   0.00400,
,,,7.372000000000,   0.00000,
,,,7.376000000000,   0.00000,
,,,7.380000000000,  -0.00400,
,,,7.384000000000,  -0.00400,
,,,7.388000000000,  -0.00400,
,,,7.392000000000,  -0.00800,
,,,7.396000000000,  -0.00800,
,,,7.400000000000,  -0.00400,
,,,7.404000000000,  -0.00800,
,,,7.408000000000,  -0.00400,
,,,7.412000000000,  -0.00400,
,,,7.416000000000,  -0.00400,
,,,7.420000000000,  -0.00400,
,,,7.424000000000,   0.00400,
,,,7.428000000000,   0.01200,
,,,7.432000000000,   0.02800,
,,,7.436000000000,   0.05600,
,,,7.440000000000,   0.08800,
,,,7.444000000000,   0.12000,
,,,7.448000000000,   0.14800,
,,,7.452000000000,   0.16800,
,,,7.456000000000,   0.18000,
,,,7.460000000000,   0.16800,
,,,7.464000000000,   0.14400,
,,,7.468000000000,   0.11600,
,,,7.472000000000,   0.08800,
,,,7.476000000000,   0.06800,
,,,7.480000000000,   0.04800,
,,,7.484000000000,   0.03600,
,,,7.488000000000,   0.02400,
,,,7.492000000000,   0.01600,
,,,7.496000000000,   0.01200,
,,,7.500000000000,   0.00400,
,,,7.504000000000,   0.00000,
,,,7.508000000000,  -0.00400,
,,,7.512000000000,  -0.00400,
,,,7.516000000000,  -0.00800,
,,,7.520000000000,  -0.01200,
,,,7.524000000000,  -0.01200,
,,,7.528000000000,  -0.01200,
,,,7.532000000000,  -0.01200,
,,,7.536000000000,  -0.01200,
,,,7.540000000000,  -0.01200,
,,,7.544000000000,  -0.01200,
,,,7.548000000000,  -0.01200,
,,,7.552000000000,  -0.01200,
,,,7.556000000000,  -0.01200,
,,,7.560000000000,  -0.00400,
,,,7.564000000000,  -0.00400,
,,,7.568000000000,   0.00400,
,,,7.572000000000,   0.00800,
,,,7.576000000000,   0.00400,
,,,7.580000000000,   0.00400,
,,,7.584000000000,   0.00400,
,,,7.588000000000,   0.00400,
,,,7.592000000000,   0.00400,
,,,7.596000000000,   0.00000,
,,,7.600000000000,   0.00400,
,,,7.604000000000,   0.00800,
,,,7.608000000000,   0.00800,
,,,7.612000000000,   0.00800,
,,,7.616000000000,   0.01200,
,,,7.620000000000,   0.01600,
,,,7.624000000000,   0.02000,
,,,7.628000000000,   0.02400,
,,,7.632000000000,   0.02800,
,,,7.636000000000,   0.03200,
,,,7.640000000000,   0.03200,
,,,7.644000000000,   0.03600,
,,,7.648000000000,   0.03600,
,,,7.652000000000,   0.04000,
,,,7.656000000000,   0.04800,
,,,7.660000000000,   0.04800,
,,,7.664000000000,   0.04800,
,,,7.668000000000,   0.04800,
,,,7.672000000000,   0.04800,
,,,7.676000000000,   0.04400,
,,,7.680000000000,   0.04400,
,,,7.684000000000,   0.04400,
,,,7.688000000000,   0.04000,
,,,7.692000000000,   0.04000,
,,,7.696000000000,   0.03600,
,,,7.700000000000,   0.03200,
,,,7.704000000000,   0.02800,
,,,7.708000000000,   0.02400,
,,,7.712000000000,   0.01600,
,,,7.716000000000,   0.00800,
,,,7.720000000000,   0.00800,
,,,7.724000000000,   0.00000,
,,,7.728000000000,  -0.00800,
,,,7.732000000000,  -0.01200,
,,,7.736000000000,  -0.01600,
,,,7.740000000000,  -0.01600,
,,,7.744000000000,  -0.01600,
,,,7.748000000000,  -0.02400,
,,,7.752000000000,  -0.02400,
,,,7.756000000000,  -0.02800,
,,,7.760000000000,  -0.02800,
,,,7.764000000000,  -0.03200,
,,,7.768000000000,  -0.03600,
,,,7.772000000000,  -0.03600,
,,,7.776000000000,  -0.04000,
,,,7.780000000000,  -0.04000,
,,,7.784000000000,  -0.04400,
,,,7.788000000000,  -0.04800,
,,,7.792000000000,  -0.04400,
,,,7.796000000000,  -0.04400,
,,,7.800000000000,  -0.04000,
,,,7.804000000000,  -0.04000,
,,,7.808000000000,  -0.04000,
,,,7.812000000000,  -0.03200,
,,,7.816000000000,  -0.03600,
,,,7.820000000000,  -0.03200,
,,,7.824000000000,  -0.03200,
,,,7.828000000000,  -0.02800,
,,,7.832000000000,  -0.02800,
,,,7.836000000000,  -0.03200,
,,,7.840000000000,  -0.02800,
,,,7.844000000000,  -0.02800,
,,,7.848000000000,  -0.03200,
,,,7.852000000000,  -0.02800,
,,,7.856000000000,  -0.03200,
,,,7.860000000000,  -0.03200,
,,,7.864000000000,  -0.03200,
,,,7.868000000000,  -0.03200,
,,,7.872000000000,  -0.03600,
,,,7.876000000000,  -0.03600,
,,,7.880000000000,  -0.03600,
,,,7.884000000000,  -0.03600,
,,,7.888000000000,  -0.03600,
,,,7.892000000000,  -0.03600,
,,,7.896000000000,  -0.03200,
,,,7.900000000000,  -0.02800,
,,,7.904000000000,  -0.02800,
,,,7.908000000000,  -0.02800,
,,,7.912000000000,  -0.02400,
,,,7.916000000000,  -0.02400,
,,,7.920000000000,  -0.02400,
,,,7.924000000000,  -0.02800,
,,,7.928000000000,  -0.02800,
,,,7.932000000000,  -0.02800,
,,,7.936000000000,  -0.03200,
,,,7.940000000000,  -0.03200,
,,,7.944000000000,  -0.03600,
,,,7.948000000000,  -0.03600,
,,,7.952000000000,  -0.04000,
,,,7.956000000000,  -0.04000,
,,,7.960000000000,  -0.04000,
,,,7.964000000000,  -0.04000,
,,,7.968000000000,  -0.04000,
,,,7.972000000000,  -0.04000,
,,,7.976000000000,  -0.04000,
,,,7.980000000000,  -0.03600,
,,,7.984000000000,  -0.03200,
,,,7.988000000000,  -0.03200,
,,,7.992000000000,  -0.03200,
,,,7.996000000000,  -0.03200,
,,,8.000000000000,  -0.03200,
,,,8.004000000000,  -0.03200,
,,,8.008000000000,  -0.02800,
,,,8.012000000000,  -0.03200,
,,,8.016000000000,  -0.03200,
,,,8.020000000000,  -0.03200,
,,,8.024000000000,  -0.03200,
,,,8.028000000000,  -0.03200,
,,,8.032000000000,  -0.03600,
,,,8.036000000000,  -0.03200,
,,,8.040000000000,  -0.03200,
,,,8.044000000000,  -0.03600,
,,,8.048000000000,  -0.03600,
,,,8.052000000000,  -0.03200,
,,,8.056000000000,  -0.02400,
,,,8.060000000000,  -0.02400,
,,,8.064000000000,  -0.02000,
,,,8.068000000000,  -0.02000,
,,,8.072000000000,  -0.01600,
,,,8.076000000000,  -0.01600,
,,,8.080000000000,  -0.01200,
,,,8.084000000000,  -0.01200,
,,,8.088000000000,  -0.01600,
,,,8.092000000000,  -0.02000,
,,,8.096000000000,  -0.02400,
,,,8.100000000000,  -0.02400,
,,,8.104000000000,  -0.02400,
,,,8.108000000000,  -0.02400,
,,,8.112000000000,  -0.02800,
,,,8.116000000000,  -0.02800,
,,,8.120000000000,  -0.02800,
,,,8.124000000000,  -0.03200,
,,,8.128000000000,  -0.03600,
,,,8.132000000000,  -0.03600,
,,,8.136000000000,  -0.03200,
,,,8.140000000000,  -0.03200,
,,,8.144000000000,  -0.03600,
,,,8.148000000000,  -0.03200,
,,,8.152000000000,  -0.03600,
,,,8.156000000000,  -0.03600,
,,,8.160000000000,  -0.03600,
,,,8.164000000000,  -0.03600,
,,,8.168000000000,  -0.04400,
,,,8.172000000000,  -0.04000,
,,,8.176000000000,  -0.03600,
,,,8.180000000000,  -0.03200,
,,,8.184000000000,  -0.02000,
,,,8.188000000000,  -0.00400,
,,,8.192000000000,   0.02000,
,,,8.196000000000,   0.05600,
,,,8.200000000000,   0.09600,
,,,8.204000000000,   0.12400,
,,,8.208000000000,   0.14000,
,,,8.212000000000,   0.15600,
,,,8.216000000000,   0.14800,
,,,8.220000000000,   0.13200,
,,,8.224000000000,   0.10800,
,,,8.228000000000,   0.07600,
,,,8.232000000000,   0.05600,
,,,8.236000000000,   0.04000,
,,,8.240000000000,   0.02400,
,,,8.244000000000,   0.00800,
,,,8.248000000000,  -0.00400,
,,,8.252000000000,  -0.01600,
,,,8.256000000000,  -0.02400,
,,,8.260000000000,  -0.03200,
,,,8.264000000000,  -0.03200,
,,,8.268000000000,  -0.04000,
,,,8.272000000000,  -0.04000,
,,,8.276000000000,  -0.04000,
,,,8.280000000000,  -0.04000,
,,,8.284000000000,  -0.03600,
,,,8.288000000000,  -0.04000,
,,,8.292000000000,  -0.03600,
,,,8.296000000000,  -0.03600,
,,,8.300000000000,  -0.03200,
,,,8.304000000000,  -0.02800,
,,,8.308000000000,  -0.02800,
,,,8.312000000000,  -0.03200,
,,,8.316000000000,  -0.02800,
,,,8.320000000000,  -0.02400,
,,,8.324000000000,  -0.02400,
,,,8.328000000000,  -0.02400,
,,,8.332000000000,  -0.02400,
,,,8.336000000000,  -0.02400,
,,,8.340000000000,  -0.02400,
,,,8.344000000000,  -0.02400,
,,,8.348000000000,  -0.02400,
,,,8.352000000000,  -0.02400,
,,,8.356000000000,  -0.02000,
,,,8.360000000000,  -0.01600,
,,,8.364000000000,  -0.01200,
,,,8.368000000000,  -0.01200,
,,,8.372000000000,  -0.00400,
,,,8.376000000000,  -0.00400,
,,,8.380000000000,   0.00000,
,,,8.384000000000,   0.00800,
,,,8.388000000000,   0.00800,
,,,8.392000000000,   0.01600,
,,,8.396000000000,   0.02000,
,,,8.400000000000,   0.02400,
,,,8.404000000000,   0.02800,
,,,8.408000000000,   0.02800,
,,,8.412000000000,   0.02800,
,,,8.416000000000,   0.03200,
,,,8.420000000000,   0.02800,
,,,8.424000000000,   0.02800,
,,,8.428000000000,   0.02800,
,,,8.432000000000,   0.02800,
,,,8.436000000000,   0.02800,
,,,8.440000000000,   0.03200,
,,,8.444000000000,   0.03200,
,,,8.448000000000,   0.02800,
,,,8.452000000000,   0.02400,
,,,8.456000000000,   0.02400,
,,,8.460000000000,   0.02000,
,,,8.464000000000,   0.01600,
,,,8.468000000000,   0.01200,
,,,8.472000000000,   0.00800,
,,,8.476000000000,  -0.00400,
,,,8.480000000000,  -0.00400,
,,,8.484000000000,  -0.00800,
,,,8.488000000000,  -0.01200,
,,,8.492000000000,  -0.01600,
,,,8.496000000000,  -0.02400,
,,,8.500000000000,  -0.02800,
,,,8.504000000000,  -0.03200,
,,,8.508000000000,  -0.03600,
,,,8.512000000000,  -0.04000,
,,,8.516000000000,  -0.04400,
,,,8.520000000000,  -0.04400,
,,,8.524000000000,  -0.05200,
,,,8.528000000000,  -0.05200,
,,,8.532000000000,  -0.05600,
,,,8.536000000000,  -0.05200,
,,,8.540000000000,  -0.05200,
,,,8.544000000000,  -0.04800,
,,,8.548000000000,  -0.04800,
,,,8.552000000000,  -0.04800,
,,,8.556000000000,  -0.04800,
,,,8.560000000000,  -0.04800,
,,,8.564000000000,  -0.04400,
,,,8.568000000000,  -0.04400,
,,,8.572000000000,  -0.04400,
,,,8.576000000000,  -0.04400,
,,,8.580000000000,  -0.04400,
,,,8.584000000000,  -0.04400,
,,,8.588000000000,  -0.04400,
,,,8.592000000000,  -0.04400,
,,,8.596000000000,  -0.04400,
,,,8.600000000000,  -0.04400,
,,,8.604000000000,  -0.03600,
,,,8.608000000000,  -0.04400,
,,,8.612000000000,  -0.04400,
,,,8.616000000000,  -0.04000,
,,,8.620000000000,  -0.04000,
,,,8.624000000000,  -0.04000,
,,,8.628000000000,  -0.04000,
,,,8.632000000000,  -0.04000,
,,,8.636000000000,  -0.03600,
,,,8.640000000000,  -0.04000,
,,,8.644000000000,  -0.04000,
,,,8.648000000000,  -0.04400,
,,,8.652000000000,  -0.04400,
,,,8.656000000000,  -0.04400,
,,,8.660000000000,  -0.04800,
,,,8.664000000000,  -0.04800,
,,,8.668000000000,  -0.04800,
,,,8.672000000000,  -0.04800,
,,,8.676000000000,  -0.04800,
,,,8.680000000000,  -0.04000,
,,,8.684000000000,  -0.04000,
,,,8.688000000000,  -0.04000,
,,,8.692000000000,  -0.03600,
,,,8.696000000000,  -0.04000,
,,,8.700000000000,  -0.04000,
,,,8.704000000000,  -0.04400,
,,,8.708000000000,  -0.04400,
,,,8.712000000000,  -0.04400,
,,,8.716000000000,  -0.05200,
,,,8.720000000000,  -0.04800,
,,,8.724000000000,  -0.05200,
,,,8.728000000000,  -0.05200,
,,,8.732000000000,  -0.04400,
,,,8.736000000000,  -0.04400,
,,,8.740000000000,  -0.04800,
,,,8.744000000000,  -0.04400,
,,,8.748000000000,  -0.04400,
,,,8.752000000000,  -0.04000,
,,,8.756000000000,  -0.04000,
,,,8.760000000000,  -0.04000,
,,,8.764000000000,  -0.04000,
,,,8.768000000000,  -0.04000,
,,,8.772000000000,  -0.04000,
,,,8.776000000000,  -0.04400,
,,,8.780000000000,  -0.04400,
,,,8.784000000000,  -0.04400,
,,,8.788000000000,  -0.04800,
,,,8.792000000000,  -0.04800,
,,,8.796000000000,  -0.04400,
,,,8.800000000000,  -0.04000,
,,,8.804000000000,  -0.04400,
,,,8.808000000000,  -0.04000,
,,,8.812000000000,  -0.04000,
,,,8.816000000000,  -0.03600,
,,,8.820000000000,  -0.03600,
,,,8.824000000000,  -0.03600,
,,,8.828000000000,  -0.03200,
,,,8.832000000000,  -0.03600,
,,,8.836000000000,  -0.03200,
,,,8.840000000000,  -0.03600,
,,,8.844000000000,  -0.03200,
,,,8.848000000000,  -0.03200,
,,,8.852000000000,  -0.03200,
,,,8.856000000000,  -0.02800,
,,,8.860000000000,  -0.02400,
,,,8.864000000000,  -0.02400,
,,,8.868000000000,  -0.02000,
,,,8.872000000000,  -0.01600,
,,,8.876000000000,  -0.01600,
,,,8.880000000000,  -0.01600,
,,,8.884000000000,  -0.02400,
,,,8.888000000000,  -0.02400,
,,,8.892000000000,  -0.02800,
,,,8.896000000000,  -0.02400,
,,,8.900000000000,  -0.02800,
,,,8.904000000000,  -0.03200,
,,,8.908000000000,  -0.03600,
,,,8.912000000000,  -0.03600,
,,,8.916000000000,  -0.03600,
,,,8.920000000000,  -0.03600,
,,,8.924000000000,  -0.03600,
,,,8.928000000000,  -0.03600,
,,,8.932000000000,  -0.03600,
,,,8.936000000000,  -0.04000,
,,,8.940000000000,  -0.04000,
,,,8.944000000000,  -0.04400,
,,,8.948000000000,  -0.04000,
,,,8.952000000000,  -0.04400,
,,,8.956000000000,  -0.04000,
,,,8.960000000000,  -0.03600,
,,,8.964000000000,  -0.04000,
,,,8.968000000000,  -0.04400,
,,,8.972000000000,  -0.04400,
,,,8.976000000000,  -0.04000,
,,,8.980000000000,  -0.02800,
,,,8.984000000000,  -0.00400,
,,,8.988000000000,   0.02400,
,,,8.992000000000,   0.06000,
,,,8.996000000000,   0.09600,
,,,9.000000000000,   0.12800,
,,,9.004000000000,   0.14800,
,,,9.008000000000,   0.14800,
,,,9.012000000000,   0.13600,
,,,9.016000000000,   0.11600,
,,,9.020000000000,   0.08800,
,,,9.024000000000,   0.06400,
,,,9.028000000000,   0.04800,
,,,9.032000000000,   0.02400,
,,,9.036000000000,   0.00800,
,,,9.040000000000,  -0.00400,
,,,9.044000000000,  -0.01600,
,,,9.048000000000,  -0.02400,
,,,9.052000000000,  -0.03200,
,,,9.056000000000,  -0.04000,
,,,9.060000000000,  -0.04400,
,,,9.064000000000,  -0.04800,
,,,9.068000000000,  -0.05200,
,,,9.072000000000,  -0.05200,
,,,9.076000000000,  -0.04800,
,,,9.080000000000,  -0.04800,
,,,9.084000000000,  -0.04800,
,,,9.088000000000,  -0.04800,
,,,9.092000000000,  -0.04000,
,,,9.096000000000,  -0.04000,
,,,9.100000000000,  -0.04000,
,,,9.104000000000,  -0.04000,
,,,9.108000000000,  -0.04000,
,,,9.112000000000,  -0.03600,
,,,9.116000000000,  -0.03600,
,,,9.120000000000,  -0.03600,
,,,9.124000000000,  -0.03200,
,,,9.128000000000,  -0.03200,
,,,9.132000000000,  -0.03200,
,,,9.136000000000,  -0.03200,
,,,9.140000000000,  -0.02800,
,,,9.144000000000,  -0.02800,
,,,9.148000000000,  -0.02400,
,,,9.152000000000,  -0.02400,
,,,9.156000000000,  -0.02400,
,,,9.160000000000,  -0.02000,
,,,9.164000000000,  -0.01200,
,,,9.168000000000,  -0.01200,
,,,9.172000000000,  -0.01200,
,,,9.176000000000,  -0.00800,
,,,9.180000000000,  -0.00400,
,,,9.184000000000,   0.00000,
,,,9.188000000000,   0.00400,
,,,9.192000000000,   0.00400,
,,,9.196000000000,   0.01200,
,,,9.200000000000,   0.01600,
,,,9.204000000000,   0.02000,
,,,9.208000000000,   0.02000,
,,,9.212000000000,   0.02000,
,,,9.216000000000,   0.02800,
,,,9.220000000000,   0.02800,
,,,9.224000000000,   0.02800,
,,,9.228000000000,   0.02800,
,,,9.232000000000,   0.02400,
,,,9.236000000000,   0.02800,
,,,9.240000000000,   0.02800,
,,,9.244000000000,   0.02800,
,,,9.248000000000,   0.02400,
,,,9.252000000000,   0.01600,
,,,9.256000000000,   0.01200,
,,,9.260000000000,   0.00800,
,,,9.264000000000,   0.00000,
,,,9.268000000000,  -0.01200,
,,,9.272000000000,  -0.01200,
,,,9.276000000000,  -0.01600,
,,,9.280000000000,  -0.02400,
,,,9.284000000000,  -0.02800,
,,,9.288000000000,  -0.02800,
,,,9.292000000000,  -0.51200,
,,,9.296000000000,  -0.51200,
,,,9.300000000000,  -0.51200,
,,,9.304000000000,  -0.51200,
,,,9.308000000000,  -0.51200,
,,,9.312000000000,  -0.51200,
,,,9.316000000000,  -0.51200,
,,,9.320000000000,  -0.51200,
,,,9.324000000000,  -0.51200,
,,,9.328000000000,  -0.51200,
,,,9.332000000000,  -0.51200,
,,,9.336000000000,  -0.51200,
,,,9.340000000000,  -0.51200,
,,,9.344000000000,  -0.51200,
,,,9.348000000000,  -0.51200,
,,,9.352000000000,  -0.51200,
,,,9.356000000000,  -0.51200,
,,,9.360000000000,  -0.51200,
,,,9.364000000000,  -0.51200,
,,,9.368000000000,  -0.51200,
,,,9.372000000000,  -0.51200,
,,,9.376000000000,  -0.51200,
,,,9.380000000000,  -0.51200,
,,,9.384000000000,  -0.51200,
,,,9.388000000000,  -0.51200,
,,,9.392000000000,  -0.51200,
,,,9.396000000000,  -0.51200,
,,,9.400000000000,  -0.51200,
,,,9.404000000000,  -0.51200,
,,,9.408000000000,  -0.51200,
,,,9.412000000000,  -0.51200,
,,,9.416000000000,  -0.51200,
,,,9.420000000000,  -0.51200,
,,,9.424000000000,  -0.51200,
,,,9.428000000000,  -0.51200,
,,,9.432000000000,  -0.51200,
,,,9.436000000000,  -0.51200,
,,,9.440000000000,  -0.51200,
,,,9.444000000000,  -0.51200,
,,,9.448000000000,  -0.51200,
,,,9.452000000000,  -0.51200,
,,,9.456000000000,  -0.51200,
,,,9.460000000000,  -0.51200,
,,,9.464000000000,  -0.51200,
,,,9.468000000000,  -0.51200,
,,,9.472000000000,  -0.51200,
,,,9.476000000000,  -0.51200,
,,,9.480000000000,  -0.51200,
,,,9.484000000000,  -0.51200,
,,,9.488000000000,  -0.51200,
,,,9.492000000000,  -0.51200,
,,,9.496000000000,  -0.51200,
,,,9.500000000000,  -0.51200,
,,,9.504000000000,  -0.51200,
,,,9.508000000000,  -0.51200,
,,,9.512000000000,  -0.51200,
,,,9.516000000000,  -0.51200,
,,,9.520000000000,  -0.51200,
,,,9.524000000000,  -0.51200,
,,,9.528000000000,  -0.51200,
,,,9.532000000000,  -0.51200,
,,,9.536000000000,  -0.51200,
,,,9.540000000000,  -0.51200,
,,,9.544000000000,  -0.51200,
,,,9.548000000000,  -0.51200,
,,,9.552000000000,  -0.51200,
,,,9.556000000000,  -0.51200,
,,,9.560000000000,  -0.51200,
,,,9.564000000000,  -0.51200,
,,,9.568000000000,  -0.51200,
,,,9.572000000000,  -0.51200,
,,,9.576000000000,  -0.51200,
,,,9.580000000000,  -0.51200,
,,,9.584000000000,  -0.51200,
,,,9.588000000000,  -0.51200,
,,,9.592000000000,  -0.51200,
,,,9.596000000000,  -0.51200,
,,,9.600000000000,  -0.51200,
,,,9.604000000000,  -0.51200,
,,,9.608000000000,  -0.51200,
,,,9.612000000000,  -0.51200,
,,,9.616000000000,  -0.51200,
,,,9.620000000000,  -0.51200,
,,,9.624000000000,  -0.51200,
,,,9.628000000000,  -0.51200,
,,,9.632000000000,  -0.51200,
,,,9.636000000000,  -0.51200,
,,,9.640000000000,  -0.51200,
,,,9.644000000000,  -0.51200,
,,,9.648000000000,  -0.51200,
,,,9.652000000000,  -0.51200,
,,,9.656000000000,  -0.51200,
,,,9.660000000000,  -0.51200,
,,,9.664000000000,  -0.51200,
,,,9.668000000000,  -0.51200,
,,,9.672000000000,  -0.51200,
,,,9.676000000000,  -0.51200,
,,,9.680000000000,  -0.51200,
,,,9.684000000000,  -0.51200,
,,,9.688000000000,  -0.51200,
,,,9.692000000000,  -0.51200,
,,,9.696000000000,  -0.51200,
,,,9.700000000000,  -0.51200,
,,,9.704000000000,  -0.51200,
,,,9.708000000000,  -0.51200,
,,,9.712000000000,  -0.51200,
,,,9.716000000000,  -0.51200,
,,,9.720000000000,  -0.51200,
,,,9.724000000000,  -0.51200,
,,,9.728000000000,  -0.51200,
,,,9.732000000000,  -0.51200,
,,,9.736000000000,  -0.51200,
,,,9.740000000000,  -0.51200,
,,,9.744000000000,  -0.51200,
,,,9.748000000000,  -0.51200,
,,,9.752000000000,  -0.51200,
,,,9.756000000000,  -0.51200,
,,,9.760000000000,  -0.51200,
,,,9.764000000000,  -0.51200,
,,,9.768000000000,  -0.51200,
,,,9.772000000000,  -0.51200,
,,,9.776000000000,  -0.51200,
,,,9.780000000000,  -0.51200,
,,,9.784000000000,  -0.51200,
,,,9.788000000000,  -0.51200,
,,,9.792000000000,  -0.51200,
,,,9.796000000000,  -0.51200,
,,,9.800000000000,  -0.51200,
,,,9.804000000000,  -0.51200,
,,,9.808000000000,  -0.51200,
,,,9.812000000000,  -0.51200,
,,,9.816000000000,  -0.51200,
,,,9.820000000000,  -0.51200,
,,,9.824000000000,  -0.51200,
,,,9.828000000000,  -0.51200,
,,,9.832000000000,  -0.51200,
,,,9.836000000000,  -0.51200,
,,,9.840000000000,  -0.51200,
,,,9.844000000000,  -0.51200,
,,,9.848000000000,  -0.51200,
,,,9.852000000000,  -0.51200,
,,,9.856000000000,  -0.51200,
,,,9.860000000000,  -0.51200,
,,,9.864000000000,  -0.51200,
,,,9.868000000000,  -0.51200,
,,,9.872000000000,  -0.51200,
,,,9.876000000000,  -0.51200,
,,,9.880000000000,  -0.51200,
,,,9.884000000000,  -0.51200,
,,,9.888000000000,  -0.51200,
,,,9.892000000000,  -0.51200,
,,,9.896000000000,  -0.51200,
,,,9.900000000000,  -0.51200,
,,,9.904000000000,  -0.51200,
,,,9.908000000000,  -0.51200,
,,,9.912000000000,  -0.51200,
,,,9.916000000000,  -0.51200,
,,,9.920000000000,  -0.51200,
,,,9.924000000000,  -0.51200,
,,,9.928000000000,  -0.51200,
,,,9.932000000000,  -0.51200,
,,,9.936000000000,  -0.51200,
,,,9.940000000000,  -0.51200,
,,,9.944000000000,  -0.51200,
,,,9.948000000000,  -0.51200,
,,,9.952000000000,  -0.51200,
,,,9.956000000000,  -0.51200,
,,,9.960000000000,  -0.51200,
,,,9.964000000000,  -0.51200,
,,,9.968000000000,  -0.51200,
,,,9.972000000000,  -0.51200,
,,,9.976000000000,  -0.51200,
,,,9.980000000000,  -0.51200,
,,,9.984000000000,  -0.51200,
,,,9.988000000000,  -0.51200,
,,,9.992000000000,  -0.51200,
,,,9.996000000000,  -0.51200,
